beta,gamma,rho,sigma
-1.0,1.0,-1.0,0.0
-1.0,1.0,-1.0,0.0
-1.0,1.0,-1.0,0.0
-1.0,0.9,-0.9,0.0
-1.0,0.9,-0.9,0.0
-1.0,0.9,-0.8,0.0
-1.0,0.9,-0.8,0.0
-1.0,0.9,-0.8,0.0
-1.0,0.8,-0.7,-1.11022302463e-16
-1.0,0.8,-0.6,-1.11022302463e-16
-1.0,0.8,-0.6,-1.11022302463e-16
-1.0,0.8,-0.6,-1.11022302463e-16
-1.0,0.7,-0.5,0.0
-1.0,0.7,-0.5,0.0
-1.0,0.6,-0.4,-1.11022302463e-16
-1.0,0.6,-0.4,-1.11022302463e-16
-1.0,0.5,-0.3,-1.11022302463e-16
-1.0,0.5,-0.2,-5.55111512313e-17
-1.0,0.5,-0.2,-5.55111512313e-17
-1.0,0.5,-0.2,-5.55111512313e-17
-1.0,1.0,-0.1,-0.1
-1.0,1.0,-0.1,-0.1
-1.0,1.0,0.0,-0.1
-1.0,1.0,0.0,-0.1
-1.0,1.0,0.0,-0.1
-1.0,0.9,0.0,-0.1
-1.0,0.9,0.0,-0.1
-1.0,1.0,0.5,-0.8
-1.0,1.0,0.6,-1.1
-1.0,1.0,0.7,-1.5
-1.0,1.0,0.8,-2.0
-1.0,1.0,0.8,-2.1
-1.0,1.0,0.9,-2.6
-1.0,1.0,0.9,-2.6
-1.0,1.0,0.9,-2.7
-1.0,1.0,0.9,-2.7
-1.0,1.0,0.9,-2.8
-1.0,1.0,0.9,-2.9
-0.9,0.6939,-0.9,0.0448271774289
-0.9,0.6939,-0.9,0.0448271774289
-0.9,0.9639,-0.8,-0.0231013414471
-0.9,0.9639,-0.8,-0.0231013414471
-0.9,0.9639,-0.8,-0.0231013414471
-0.9,0.6939,-0.8,0.0260104131973
-0.9,0.9639,-0.7,-0.0419181056787
-0.9,0.9639,-0.7,-0.0419181056787
-0.9,0.9639,-0.7,-0.0419181056787
-0.9,0.9639,-0.6,-0.0607348699103
-0.9,0.9639,-0.6,-0.0607348699103
-0.9,0.9639,-0.5,-0.0795516341419
-0.9,0.9639,-0.5,-0.0795516341419
-0.9,0.9639,-0.5,-0.0795516341419
-0.9,0.9639,-0.4,-0.0983683983735
-0.9,0.9639,-0.4,-0.0983683983735
-0.9,0.9639,-0.4,-0.0983683983735
-0.9,0.9639,-0.3,-0.117185162605
-0.9,0.9639,-0.3,-0.117185162605
-0.9,0.9639,-0.3,-0.117185162605
-0.9,0.9639,-0.2,-0.136001926837
-0.9,0.9639,-0.2,-0.136001926837
-0.9,0.9639,-0.2,-0.136001926837
-0.9,0.9639,-0.1,-0.154818691068
-0.9,0.9639,-0.1,-0.154818691068
-0.9,0.9639,-0.1,-0.154818691068
-0.9,0.9639,-0.1,-0.154818691068
-0.9,0.6939,-0.1,-0.105706936424
-0.9,0.9639,0.0,-0.1736354553
-0.9,0.9639,0.0,-0.1736354553
-0.9,0.9639,0.0,-0.1736354553
-0.9,0.9639,0.1,-0.192452219531
-0.9,0.9639,0.1,-0.192452219531
-0.9,0.9639,0.1,-0.192452219531
-0.9,0.9639,0.6,-1.13329043111
-0.9,0.9639,0.7,-1.49080895151
-0.9,0.9639,0.7,-1.49080895151
-0.9,0.8739,0.7,-1.92604070819
-0.9,0.9639,0.8,-2.01767835
-0.9,0.9639,0.8,-2.01767835
-0.9,0.9639,0.8,-2.18702922808
-0.9,0.8739,0.8,-2.62226098476
-0.9,0.8739,0.8,-2.79161186284
-0.9,0.7839,0.8,-3.73489625377
-0.9,0.9639,0.9,-2.71389862656
-0.9,0.9639,0.9,-2.71389862656
-0.9,0.9639,0.9,-2.71389862656
-0.9,0.9639,0.9,-2.88324950465
-0.9,0.9639,0.9,-2.88324950465
-0.9,0.9639,0.9,-3.05260038273
-0.9,0.9639,0.9,-3.22195126082
-0.9,0.9639,0.9,-3.3913021389
-0.9,0.8739,0.9,-3.65718301749
-0.9,0.8739,0.9,-3.65718301749
-0.9,0.8739,0.9,-3.82653389558
-0.9,0.8739,0.9,-3.82653389558
-0.9,0.8739,0.9,-3.99588477366
-0.9,0.8739,0.9,-3.99588477366
-0.9,0.8739,0.9,-4.16523565175
-0.9,0.9639,1.0,-3.57946978122
-0.9,0.9639,1.0,-3.57946978122
-0.9,0.9639,1.0,-3.57946978122
-0.9,0.9639,1.0,-3.7488206593
-0.9,0.9639,1.0,-3.7488206593
-0.9,0.9639,1.0,-3.91817153739
-0.9,0.9639,1.0,-3.91817153739
-0.9,0.9639,1.0,-4.08752241547
-0.9,0.9639,1.0,-4.08752241547
-0.9,0.9639,1.0,-4.25687329355
-0.9,0.9639,1.0,-4.25687329355
-0.9,0.9639,1.0,-4.42622417164
-0.9,0.9639,1.0,-4.42622417164
-0.9,0.9639,1.0,-4.59557504972
-0.9,0.9639,1.0,-4.59557504972
-0.9,0.9639,1.0,-4.76492592781
-0.9,0.9639,1.0,-4.76492592781
-0.9,0.9639,1.0,-4.93427680589
-0.9,0.9639,1.0,-5.10362768398
-0.9,0.8739,1.0,-5.0308068064
-0.9,0.8739,1.0,-5.0308068064
-0.9,0.8739,1.0,-5.20015768448
-0.9,0.8739,1.0,-5.20015768448
-0.8,0.6304,-1.0,0.113037109375
-0.8,0.6304,-1.0,0.113037109375
-0.8,0.7104,-0.9,0.0611572265625
-0.8,0.7104,-0.9,0.0611572265625
-0.8,0.7904,-0.8,0.00927734375
-0.8,0.7904,-0.8,0.00927734375
-0.8,0.7904,-0.8,0.00927734375
-0.8,0.8704,-0.7,-0.0426025390625
-0.8,0.8704,-0.7,-0.0426025390625
-0.8,0.8704,-0.7,-0.0426025390625
-0.8,0.8704,-0.7,-0.0426025390625
-0.8,0.8704,-0.6,-0.118896484375
-0.8,0.6304,-0.4,-0.03955078125
-0.8,0.6304,-0.4,-0.03955078125
-0.8,0.7104,-0.3,-0.0914306640625
-0.8,0.7104,-0.3,-0.0914306640625
-0.8,0.7104,-0.3,-0.0914306640625
-0.8,0.7904,-0.2,-0.143310546875
-0.8,0.7904,-0.2,-0.143310546875
-0.8,0.7904,-0.2,-0.143310546875
-0.8,0.7904,-0.2,-0.143310546875
-0.8,0.7104,-0.2,-0.167724609375
-0.8,0.7104,-0.2,-0.167724609375
-0.8,0.8704,-0.1,-0.195190429687
-0.8,0.8704,-0.1,-0.195190429687
-0.8,0.8704,-0.1,-0.195190429687
-0.8,0.8704,-0.1,-0.195190429687
-0.8,0.7904,-0.1,-0.219604492188
-0.8,0.7904,-0.1,-0.219604492188
-0.8,0.7904,-0.1,-0.219604492188
-0.8,0.8704,0.0,-0.271484375
-0.8,0.8704,0.0,-0.271484375
-0.8,0.8704,0.0,-0.271484375
-0.8,0.8704,0.0,-0.271484375
-0.8,0.7904,0.0,-0.2958984375
-0.8,0.7904,0.0,-0.2958984375
-0.8,0.8704,0.1,-0.347778320313
-0.8,0.8704,0.1,-0.347778320313
-0.8,0.8704,0.1,-0.347778320313
-0.8,0.8704,0.1,-0.347778320313
-0.8,0.7904,0.1,-0.372192382813
-0.8,0.7904,0.1,-0.372192382813
-0.8,0.8704,0.2,-0.424072265625
-0.8,0.8704,0.2,-0.424072265625
-0.8,0.8704,0.2,-0.424072265625
-0.8,0.7904,0.2,-0.448486328125
-0.8,0.7904,0.2,-0.448486328125
-0.8,0.8704,0.3,-0.500366210937
-0.8,0.8704,0.3,-0.500366210937
-0.8,0.8704,0.3,-0.500366210937
-0.8,0.8704,0.8,-2.40771484375
-0.8,0.8704,0.8,-2.40771484375
-0.8,0.8704,0.8,-2.712890625
-0.8,0.8704,0.8,-3.01806640625
-0.8,0.7904,0.8,-3.34765625
-0.8,0.7904,0.8,-3.34765625
-0.8,0.7904,0.8,-3.65283203125
-0.8,0.7104,0.8,-5.203125
-0.8,0.7104,0.8,-5.50830078125
-0.8,0.7104,0.8,-5.8134765625
-0.8,0.6304,0.8,-8.58447265625
-0.8,0.6304,0.8,-8.58447265625
-0.8,0.6304,0.8,-8.8896484375
-0.8,0.8704,0.9,-3.39953613281
-0.8,0.8704,0.9,-3.39953613281
-0.8,0.8704,0.9,-3.39953613281
-0.8,0.8704,0.9,-3.39953613281
-0.8,0.8704,0.9,-3.39953613281
-0.8,0.8704,0.9,-3.70471191406
-0.8,0.8704,0.9,-3.70471191406
-0.8,0.8704,0.9,-3.70471191406
-0.8,0.8704,0.9,-3.70471191406
-0.8,0.8704,0.9,-4.00988769531
-0.8,0.8704,0.9,-4.00988769531
-0.8,0.8704,0.9,-4.00988769531
-0.8,0.8704,0.9,-4.31506347656
-0.8,0.8704,0.9,-4.31506347656
-0.8,0.8704,0.9,-4.31506347656
-0.8,0.8704,0.9,-4.62023925781
-0.8,0.8704,0.9,-4.62023925781
-0.8,0.8704,0.9,-4.62023925781
-0.8,0.8704,0.9,-4.92541503906
-0.8,0.8704,0.9,-4.92541503906
-0.8,0.8704,0.9,-5.23059082031
-0.8,0.8704,0.9,-5.23059082031
-0.8,0.8704,0.9,-5.53576660156
-0.8,0.8704,0.9,-5.53576660156
-0.8,0.8704,0.9,-5.84094238281
-0.8,0.7904,0.9,-4.94982910156
-0.8,0.7904,0.9,-4.94982910156
-0.8,0.7904,0.9,-4.94982910156
-0.8,0.7904,0.9,-5.25500488281
-0.8,0.7904,0.9,-5.25500488281
-0.8,0.7904,0.9,-5.25500488281
-0.8,0.7904,0.9,-5.56018066406
-0.8,0.7904,0.9,-5.56018066406
-0.8,0.7904,0.9,-5.86535644531
-0.8,0.7904,0.9,-5.86535644531
-0.8,0.7904,0.9,-6.17053222656
-0.8,0.7904,0.9,-6.17053222656
-0.8,0.7904,0.9,-6.47570800781
-0.8,0.7904,0.9,-6.47570800781
-0.8,0.7904,0.9,-6.78088378906
-0.8,0.7904,0.9,-6.78088378906
-0.8,0.7904,0.9,-7.08605957031
-0.8,0.7904,0.9,-7.08605957031
-0.8,0.7904,0.9,-7.39123535156
-0.8,0.7104,0.9,-8.02600097656
-0.8,0.7104,0.9,-8.02600097656
-0.8,0.7104,0.9,-8.33117675781
-0.8,0.7104,0.9,-8.33117675781
-0.8,0.7104,0.9,-8.63635253906
-0.8,0.7104,0.9,-8.63635253906
-0.8,0.7104,0.9,-8.94152832031
-0.8,0.7104,0.9,-8.94152832031
-0.8,0.7104,0.9,-9.24670410156
-0.8,0.7104,0.9,-9.24670410156
-0.8,0.8704,1.0,-4.69653320312
-0.8,0.8704,1.0,-4.69653320312
-0.8,0.8704,1.0,-4.69653320312
-0.8,0.8704,1.0,-4.69653320312
-0.8,0.8704,1.0,-5.00170898437
-0.8,0.8704,1.0,-5.00170898437
-0.8,0.8704,1.0,-5.00170898437
-0.8,0.8704,1.0,-5.00170898437
-0.8,0.8704,1.0,-5.30688476562
-0.8,0.8704,1.0,-5.30688476562
-0.8,0.8704,1.0,-5.30688476562
-0.8,0.8704,1.0,-5.30688476562
-0.8,0.8704,1.0,-5.61206054687
-0.8,0.8704,1.0,-5.61206054687
-0.8,0.8704,1.0,-5.61206054687
-0.8,0.8704,1.0,-5.61206054687
-0.8,0.8704,1.0,-5.91723632812
-0.8,0.8704,1.0,-5.91723632812
-0.8,0.8704,1.0,-5.91723632812
-0.8,0.8704,1.0,-5.91723632812
-0.8,0.8704,1.0,-6.22241210937
-0.8,0.8704,1.0,-6.22241210937
-0.8,0.8704,1.0,-6.22241210937
-0.8,0.8704,1.0,-6.22241210937
-0.8,0.8704,1.0,-6.52758789062
-0.8,0.8704,1.0,-6.52758789062
-0.8,0.8704,1.0,-6.52758789062
-0.8,0.8704,1.0,-6.83276367187
-0.8,0.8704,1.0,-6.83276367187
-0.8,0.8704,1.0,-6.83276367187
-0.8,0.8704,1.0,-7.13793945312
-0.8,0.8704,1.0,-7.13793945312
-0.8,0.8704,1.0,-7.13793945312
-0.8,0.8704,1.0,-7.44311523437
-0.8,0.8704,1.0,-7.44311523437
-0.8,0.8704,1.0,-7.74829101562
-0.8,0.8704,1.0,-7.74829101562
-0.8,0.8704,1.0,-8.05346679687
-0.8,0.8704,1.0,-8.05346679687
-0.8,0.8704,1.0,-8.35864257812
-0.8,0.8704,1.0,-8.35864257812
-0.8,0.8704,1.0,-8.66381835937
-0.8,0.8704,1.0,-8.66381835937
-0.8,0.8704,1.0,-8.96899414062
-0.8,0.8704,1.0,-8.96899414062
-0.8,0.7904,1.0,-7.16235351562
-0.8,0.7904,1.0,-7.16235351562
-0.8,0.7904,1.0,-7.16235351562
-0.8,0.7904,1.0,-7.46752929687
-0.8,0.7904,1.0,-7.46752929687
-0.8,0.7904,1.0,-7.46752929687
-0.8,0.7904,1.0,-7.77270507812
-0.8,0.7904,1.0,-7.77270507812
-0.8,0.7904,1.0,-7.77270507812
-0.8,0.7904,1.0,-8.07788085937
-0.8,0.7904,1.0,-8.07788085937
-0.8,0.7904,1.0,-8.07788085937
-0.8,0.7904,1.0,-8.38305664062
-0.8,0.7904,1.0,-8.38305664062
-0.8,0.7904,1.0,-8.68823242187
-0.8,0.7904,1.0,-8.68823242187
-0.8,0.7904,1.0,-8.99340820312
-0.8,0.7904,1.0,-8.99340820312
-0.8,0.7904,1.0,-9.29858398437
-0.8,0.7904,1.0,-9.29858398437
-0.7,0.6699,-1.0,0.129597361644
-0.7,0.6699,-1.0,0.129597361644
-0.7,0.5999,-0.9,0.154246954925
-0.7,0.5299,-0.8,0.178896548207
-0.7,0.5299,-0.5,0.00889935316067
-0.7,0.6699,-0.4,-0.210397028449
-0.7,0.4599,-0.4,0.0335489464424
-0.7,0.5999,-0.3,-0.185747435167
-0.7,0.3899,-0.3,0.0581985397241
-0.7,0.3899,-0.3,0.0581985397241
-0.7,0.7399,-0.2,-0.405043816777
-0.7,0.7399,-0.2,-0.405043816777
-0.7,0.5299,-0.2,-0.161097841886
-0.7,0.5299,-0.2,-0.161097841886
-0.7,0.6699,-0.1,-0.380394223495
-0.7,0.6699,-0.1,-0.380394223495
-0.7,0.4599,-0.1,-0.136448248604
-0.7,0.4599,-0.1,-0.136448248604
-0.7,0.4599,-0.1,-0.136448248604
-0.7,0.6699,0.0,-0.635390016065
-0.7,0.5999,0.0,-0.355744630214
-0.7,0.5999,0.0,-0.355744630214
-0.7,0.5999,0.0,-0.355744630214
-0.7,0.5999,0.0,-0.355744630214
-0.7,0.7399,0.1,-0.575041011823
-0.7,0.7399,0.1,-0.575041011823
-0.7,0.7399,0.1,-0.575041011823
-0.7,0.5999,0.1,-0.610740422783
-0.7,0.5999,0.1,-0.610740422783
-0.7,0.7399,0.2,-0.830036804393
-0.7,0.7399,0.2,-0.830036804393
-0.7,0.7399,0.2,-0.830036804393
-0.7,0.7399,0.2,-0.830036804393
-0.7,0.6699,0.2,-0.550391418542
-0.7,0.6699,0.2,-0.550391418542
-0.7,0.6699,0.2,-0.550391418542
-0.7,0.6699,0.2,-0.550391418542
-0.7,0.5999,0.2,-0.865736215352
-0.7,0.7399,0.3,-1.08503259696
-0.7,0.7399,0.3,-1.08503259696
-0.7,0.7399,0.3,-1.08503259696
-0.7,0.6699,0.3,-0.805387211111
-0.7,0.6699,0.3,-0.805387211111
-0.7,0.6699,0.3,-0.805387211111
-0.7,0.6699,0.3,-0.805387211111
-0.7,0.7399,0.4,-0.74503820687
-0.7,0.7399,0.4,-0.74503820687
-0.7,0.7399,0.4,-0.74503820687
-0.7,0.7399,0.4,-0.74503820687
-0.7,0.7399,0.4,-0.74503820687
-0.7,0.7399,0.4,-1.34002838953
-0.7,0.7399,0.4,-1.34002838953
-0.7,0.7399,0.4,-1.34002838953
-0.7,0.7399,0.4,-1.34002838953
-0.7,0.7399,0.5,-1.5950241821
-0.7,0.7399,0.5,-1.5950241821
-0.7,0.7399,0.5,-1.5950241821
-0.7,0.7399,0.5,-2.19001436476
-0.7,0.7399,0.5,-2.19001436476
-0.7,0.7399,0.6,-2.44501015733
-0.7,0.7399,0.6,-2.44501015733
-0.7,0.7399,0.6,-2.44501015733
-0.7,0.7399,0.6,-3.04000033999
-0.7,0.7399,0.7,-3.29499613256
-0.7,0.7399,0.7,-3.29499613256
-0.7,0.7399,0.7,-3.29499613256
-0.7,0.7399,0.7,-3.88998631523
-0.7,0.7399,0.7,-3.88998631523
-0.7,0.7399,0.7,-3.88998631523
-0.7,0.7399,0.7,-4.48497649789
-0.7,0.6699,0.7,-4.20533111204
-0.7,0.6699,0.7,-4.20533111204
-0.7,0.5999,0.7,-6.30564645683
-0.7,0.5299,0.7,-11.3809127149
-0.7,0.5299,0.7,-11.3809127149
-0.7,0.5299,0.7,-11.9759028976
-0.7,0.5299,0.7,-12.5708930803
-0.7,0.5299,0.7,-13.1658832629
-0.7,0.5299,0.7,-13.7608734456
-0.7,0.7399,0.8,-4.1449821078
-0.7,0.7399,0.8,-4.1449821078
-0.7,0.7399,0.8,-4.1449821078
-0.7,0.7399,0.8,-4.1449821078
-0.7,0.7399,0.8,-4.1449821078
-0.7,0.7399,0.8,-4.1449821078
-0.7,0.7399,0.8,-4.1449821078
-0.7,0.7399,0.8,-4.73997229046
-0.7,0.7399,0.8,-4.73997229046
-0.7,0.7399,0.8,-4.73997229046
-0.7,0.7399,0.8,-4.73997229046
-0.7,0.7399,0.8,-4.73997229046
-0.7,0.7399,0.8,-4.73997229046
-0.7,0.7399,0.8,-4.73997229046
-0.7,0.7399,0.8,-5.33496247312
-0.7,0.7399,0.8,-5.33496247312
-0.7,0.7399,0.8,-5.33496247312
-0.7,0.7399,0.8,-5.33496247312
-0.7,0.7399,0.8,-5.33496247312
-0.7,0.7399,0.8,-5.92995265578
-0.7,0.7399,0.8,-5.92995265578
-0.7,0.7399,0.8,-5.92995265578
-0.7,0.7399,0.8,-5.92995265578
-0.7,0.7399,0.8,-5.92995265578
-0.7,0.7399,0.8,-6.52494283844
-0.7,0.7399,0.8,-6.52494283844
-0.7,0.7399,0.8,-6.52494283844
-0.7,0.7399,0.8,-7.11993302111
-0.7,0.7399,0.8,-7.11993302111
-0.7,0.7399,0.8,-7.11993302111
-0.7,0.7399,0.8,-7.71492320377
-0.7,0.7399,0.8,-7.71492320377
-0.7,0.7399,0.8,-7.71492320377
-0.7,0.7399,0.8,-8.30991338643
-0.7,0.7399,0.8,-8.30991338643
-0.7,0.7399,0.8,-8.30991338643
-0.7,0.7399,0.8,-8.90490356909
-0.7,0.7399,0.8,-8.90490356909
-0.7,0.7399,0.8,-9.49989375175
-0.7,0.7399,0.8,-9.49989375175
-0.7,0.7399,0.8,-10.0948839344
-0.7,0.7399,0.8,-10.0948839344
-0.7,0.7399,0.8,-10.6898741171
-0.7,0.7399,0.8,-11.2848642997
-0.7,0.7399,0.8,-11.8798544824
-0.7,0.6699,0.8,-5.65030726993
-0.7,0.6699,0.8,-5.65030726993
-0.7,0.6699,0.8,-5.65030726993
-0.7,0.6699,0.8,-5.65030726993
-0.7,0.6699,0.8,-5.65030726993
-0.7,0.6699,0.8,-6.24529745259
-0.7,0.6699,0.8,-6.24529745259
-0.7,0.6699,0.8,-6.24529745259
-0.7,0.6699,0.8,-6.24529745259
-0.7,0.6699,0.8,-6.24529745259
-0.7,0.6699,0.8,-6.84028763525
-0.7,0.6699,0.8,-6.84028763525
-0.7,0.6699,0.8,-6.84028763525
-0.7,0.6699,0.8,-6.84028763525
-0.7,0.6699,0.8,-7.43527781792
-0.7,0.6699,0.8,-7.43527781792
-0.7,0.6699,0.8,-7.43527781792
-0.7,0.6699,0.8,-7.43527781792
-0.7,0.6699,0.8,-8.03026800058
-0.7,0.6699,0.8,-8.03026800058
-0.7,0.6699,0.8,-8.03026800058
-0.7,0.6699,0.8,-8.62525818324
-0.7,0.6699,0.8,-8.62525818324
-0.7,0.6699,0.8,-8.62525818324
-0.7,0.6699,0.8,-9.2202483659
-0.7,0.6699,0.8,-9.2202483659
-0.7,0.6699,0.8,-9.81523854856
-0.7,0.6699,0.8,-9.81523854856
-0.7,0.6699,0.8,-10.4102287312
-0.7,0.6699,0.8,-10.4102287312
-0.7,0.6699,0.8,-11.0052189139
-0.7,0.6699,0.8,-11.0052189139
-0.7,0.6699,0.8,-11.6002090965
-0.7,0.6699,0.8,-11.6002090965
-0.7,0.6699,0.8,-12.1951992792
-0.7,0.6699,0.8,-12.1951992792
-0.7,0.6699,0.8,-12.7901894619
-0.7,0.6699,0.8,-12.7901894619
-0.7,0.6699,0.8,-13.3851796445
-0.7,0.5999,0.8,-10.1305833454
-0.7,0.5999,0.8,-10.1305833454
-0.7,0.5999,0.8,-10.1305833454
-0.7,0.5999,0.8,-10.725573528
-0.7,0.5999,0.8,-10.725573528
-0.7,0.5999,0.8,-10.725573528
-0.7,0.5999,0.8,-11.3205637107
-0.7,0.5999,0.8,-11.3205637107
-0.7,0.5999,0.8,-11.9155538934
-0.7,0.5999,0.8,-11.9155538934
-0.7,0.5999,0.8,-12.510544076
-0.7,0.5999,0.8,-12.510544076
-0.7,0.5999,0.8,-13.1055342587
-0.7,0.5999,0.8,-13.1055342587
-0.7,0.5999,0.8,-13.7005244413
-0.7,0.5999,0.8,-13.7005244413
-0.7,0.5999,0.8,-14.295514624
-0.7,0.5999,0.8,-14.295514624
-0.7,0.5999,0.8,-14.8905048067
-0.7,0.5999,0.8,-14.8905048067
-0.7,0.5999,0.8,-15.4854949893
-0.7,0.5999,0.8,-15.4854949893
-0.7,0.5999,0.8,-16.080485172
-0.7,0.5999,0.8,-16.080485172
-0.7,0.5999,0.8,-16.6754753547
-0.7,0.5999,0.8,-16.6754753547
-0.7,0.5999,0.8,-17.2704655373
-0.7,0.5999,0.8,-17.2704655373
-0.7,0.7399,0.9,-5.58995826569
-0.7,0.7399,0.9,-5.58995826569
-0.7,0.7399,0.9,-5.58995826569
-0.7,0.7399,0.9,-5.58995826569
-0.7,0.7399,0.9,-5.58995826569
-0.7,0.7399,0.9,-5.58995826569
-0.7,0.7399,0.9,-5.58995826569
-0.7,0.7399,0.9,-6.18494844835
-0.7,0.7399,0.9,-6.18494844835
-0.7,0.7399,0.9,-6.18494844835
-0.7,0.7399,0.9,-6.18494844835
-0.7,0.7399,0.9,-6.18494844835
-0.7,0.7399,0.9,-6.18494844835
-0.7,0.7399,0.9,-6.77993863101
-0.7,0.7399,0.9,-6.77993863101
-0.7,0.7399,0.9,-6.77993863101
-0.7,0.7399,0.9,-6.77993863101
-0.7,0.7399,0.9,-6.77993863101
-0.7,0.7399,0.9,-7.37492881367
-0.7,0.7399,0.9,-7.37492881367
-0.7,0.7399,0.9,-7.37492881367
-0.7,0.7399,0.9,-7.37492881367
-0.7,0.7399,0.9,-7.37492881367
-0.7,0.7399,0.9,-7.96991899634
-0.7,0.7399,0.9,-7.96991899634
-0.7,0.7399,0.9,-7.96991899634
-0.7,0.7399,0.9,-7.96991899634
-0.7,0.7399,0.9,-7.96991899634
-0.7,0.7399,0.9,-8.564909179
-0.7,0.7399,0.9,-8.564909179
-0.7,0.7399,0.9,-8.564909179
-0.7,0.7399,0.9,-8.564909179
-0.7,0.7399,0.9,-9.15989936166
-0.7,0.7399,0.9,-9.15989936166
-0.7,0.7399,0.9,-9.15989936166
-0.7,0.7399,0.9,-9.15989936166
-0.7,0.7399,0.9,-9.75488954432
-0.7,0.7399,0.9,-9.75488954432
-0.7,0.7399,0.9,-9.75488954432
-0.7,0.7399,0.9,-9.75488954432
-0.7,0.7399,0.9,-10.349879727
-0.7,0.7399,0.9,-10.349879727
-0.7,0.7399,0.9,-10.349879727
-0.7,0.7399,0.9,-10.349879727
-0.7,0.7399,0.9,-10.9448699096
-0.7,0.7399,0.9,-10.9448699096
-0.7,0.7399,0.9,-10.9448699096
-0.7,0.7399,0.9,-10.9448699096
-0.7,0.7399,0.9,-11.5398600923
-0.7,0.7399,0.9,-11.5398600923
-0.7,0.7399,0.9,-11.5398600923
-0.7,0.7399,0.9,-12.134850275
-0.7,0.7399,0.9,-12.134850275
-0.7,0.7399,0.9,-12.134850275
-0.7,0.7399,0.9,-12.7298404576
-0.7,0.7399,0.9,-12.7298404576
-0.7,0.7399,0.9,-12.7298404576
-0.7,0.7399,0.9,-13.3248306403
-0.7,0.7399,0.9,-13.3248306403
-0.7,0.7399,0.9,-13.3248306403
-0.7,0.7399,0.9,-13.919820823
-0.7,0.7399,0.9,-13.919820823
-0.7,0.7399,0.9,-14.5148110056
-0.7,0.7399,0.9,-14.5148110056
-0.7,0.7399,0.9,-15.1098011883
-0.7,0.7399,0.9,-15.1098011883
-0.7,0.7399,0.9,-15.7047913709
-0.7,0.7399,0.9,-15.7047913709
-0.7,0.7399,0.9,-16.2997815536
-0.7,0.7399,0.9,-16.2997815536
-0.7,0.6699,0.9,-8.88025397581
-0.7,0.6699,0.9,-8.88025397581
-0.7,0.6699,0.9,-8.88025397581
-0.7,0.6699,0.9,-8.88025397581
-0.7,0.6699,0.9,-9.47524415847
-0.7,0.6699,0.9,-9.47524415847
-0.7,0.6699,0.9,-9.47524415847
-0.7,0.6699,0.9,-9.47524415847
-0.7,0.6699,0.9,-10.0702343411
-0.7,0.6699,0.9,-10.0702343411
-0.7,0.6699,0.9,-10.0702343411
-0.7,0.6699,0.9,-10.0702343411
-0.7,0.6699,0.9,-10.6652245238
-0.7,0.6699,0.9,-10.6652245238
-0.7,0.6699,0.9,-10.6652245238
-0.7,0.6699,0.9,-10.6652245238
-0.7,0.6699,0.9,-11.2602147065
-0.7,0.6699,0.9,-11.2602147065
-0.7,0.6699,0.9,-11.2602147065
-0.7,0.6699,0.9,-11.2602147065
-0.7,0.6699,0.9,-11.8552048891
-0.7,0.6699,0.9,-11.8552048891
-0.7,0.6699,0.9,-11.8552048891
-0.7,0.6699,0.9,-11.8552048891
-0.7,0.6699,0.9,-12.4501950718
-0.7,0.6699,0.9,-12.4501950718
-0.7,0.6699,0.9,-12.4501950718
-0.7,0.6699,0.9,-13.0451852544
-0.7,0.6699,0.9,-13.0451852544
-0.7,0.6699,0.9,-13.0451852544
-0.7,0.6699,0.9,-13.6401754371
-0.7,0.6699,0.9,-13.6401754371
-0.7,0.6699,0.9,-14.2351656198
-0.7,0.6699,0.9,-14.2351656198
-0.7,0.6699,0.9,-14.8301558024
-0.7,0.6699,0.9,-14.8301558024
-0.7,0.6699,0.9,-15.4251459851
-0.7,0.6699,0.9,-15.4251459851
-0.7,0.6699,0.9,-16.0201361678
-0.7,0.6699,0.9,-16.0201361678
-0.7,0.6699,0.9,-16.6151263504
-0.7,0.6699,0.9,-16.6151263504
-0.7,0.6699,0.9,-17.2101165331
-0.7,0.6699,0.9,-17.2101165331
-0.7,0.7399,1.0,-8.22491478891
-0.7,0.7399,1.0,-8.22491478891
-0.7,0.7399,1.0,-8.22491478891
-0.7,0.7399,1.0,-8.22491478891
-0.7,0.7399,1.0,-8.22491478891
-0.7,0.7399,1.0,-8.22491478891
-0.7,0.7399,1.0,-8.81990497157
-0.7,0.7399,1.0,-8.81990497157
-0.7,0.7399,1.0,-8.81990497157
-0.7,0.7399,1.0,-8.81990497157
-0.7,0.7399,1.0,-8.81990497157
-0.7,0.7399,1.0,-9.41489515423
-0.7,0.7399,1.0,-9.41489515423
-0.7,0.7399,1.0,-9.41489515423
-0.7,0.7399,1.0,-9.41489515423
-0.7,0.7399,1.0,-9.41489515423
-0.7,0.7399,1.0,-10.0098853369
-0.7,0.7399,1.0,-10.0098853369
-0.7,0.7399,1.0,-10.0098853369
-0.7,0.7399,1.0,-10.0098853369
-0.7,0.7399,1.0,-10.0098853369
-0.7,0.7399,1.0,-10.6048755196
-0.7,0.7399,1.0,-10.6048755196
-0.7,0.7399,1.0,-10.6048755196
-0.7,0.7399,1.0,-10.6048755196
-0.7,0.7399,1.0,-11.1998657022
-0.7,0.7399,1.0,-11.1998657022
-0.7,0.7399,1.0,-11.1998657022
-0.7,0.7399,1.0,-11.1998657022
-0.7,0.7399,1.0,-11.7948558849
-0.7,0.7399,1.0,-11.7948558849
-0.7,0.7399,1.0,-11.7948558849
-0.7,0.7399,1.0,-11.7948558849
-0.7,0.7399,1.0,-12.3898460675
-0.7,0.7399,1.0,-12.3898460675
-0.7,0.7399,1.0,-12.3898460675
-0.7,0.7399,1.0,-12.3898460675
-0.7,0.7399,1.0,-12.9848362502
-0.7,0.7399,1.0,-12.9848362502
-0.7,0.7399,1.0,-12.9848362502
-0.7,0.7399,1.0,-12.9848362502
-0.7,0.7399,1.0,-13.5798264329
-0.7,0.7399,1.0,-13.5798264329
-0.7,0.7399,1.0,-13.5798264329
-0.7,0.7399,1.0,-13.5798264329
-0.7,0.7399,1.0,-14.1748166155
-0.7,0.7399,1.0,-14.1748166155
-0.7,0.7399,1.0,-14.1748166155
-0.7,0.7399,1.0,-14.1748166155
-0.7,0.7399,1.0,-14.7698067982
-0.7,0.7399,1.0,-14.7698067982
-0.7,0.7399,1.0,-14.7698067982
-0.7,0.7399,1.0,-14.7698067982
-0.7,0.7399,1.0,-15.3647969808
-0.7,0.7399,1.0,-15.3647969808
-0.7,0.7399,1.0,-15.3647969808
-0.7,0.7399,1.0,-15.3647969808
-0.7,0.7399,1.0,-15.9597871635
-0.7,0.7399,1.0,-15.9597871635
-0.7,0.7399,1.0,-15.9597871635
-0.7,0.7399,1.0,-16.5547773462
-0.7,0.7399,1.0,-16.5547773462
-0.7,0.7399,1.0,-16.5547773462
-0.7,0.7399,1.0,-17.1497675288
-0.7,0.7399,1.0,-17.1497675288
-0.7,0.7399,1.0,-17.1497675288
-0.7,0.6699,1.0,-17.4651123256
-0.7,0.6699,1.0,-17.4651123256
-0.7,0.6699,1.0,-17.4651123256
-0.7,0.6699,1.0,-18.0601025083
-0.7,0.6699,1.0,-18.0601025083
-0.7,0.6699,1.0,-18.0601025083
-0.6,0.5904,-0.7,0.0507544581619
-0.6,0.5304,-0.7,0.153635116598
-0.6,0.5904,-0.2,-0.377914951989
-0.6,0.5904,-0.2,-0.377914951989
-0.6,0.5904,-0.2,-0.377914951989
-0.6,0.5904,-0.2,-0.377914951989
-0.6,0.5304,-0.2,-0.275034293553
-0.6,0.5304,-0.2,-0.275034293553
-0.6,0.5304,-0.2,-0.275034293553
-0.6,0.4704,-0.2,-0.172153635117
-0.6,0.4704,-0.2,-0.172153635117
-0.6,0.4704,-0.2,-0.172153635117
-0.6,0.4104,-0.2,-0.0692729766804
-0.6,0.4104,-0.2,-0.0692729766804
-0.6,0.4104,-0.2,-0.0692729766804
-0.6,0.3504,-0.2,0.0336076817558
-0.6,0.3504,-0.2,0.0336076817558
-0.6,0.3504,-0.2,0.0336076817558
-0.6,0.2904,-0.2,0.136488340192
-0.6,0.2904,-0.2,0.136488340192
-0.6,0.2904,-0.2,0.136488340192
-0.6,0.5904,0.0,-0.80658436214
-0.6,0.5904,0.0,-0.80658436214
-0.6,0.5904,0.0,-0.80658436214
-0.6,0.5304,0.0,-0.703703703704
-0.6,0.5304,0.0,-0.703703703704
-0.6,0.5304,0.0,-0.703703703704
-0.6,0.4704,0.0,-0.600823045267
-0.6,0.4704,0.0,-0.600823045267
-0.6,0.4704,0.0,-0.600823045267
-0.6,0.4104,0.0,-0.497942386831
-0.6,0.4104,0.0,-0.497942386831
-0.6,0.4104,0.0,-0.497942386831
-0.6,0.5904,0.1,-1.66392318244
-0.6,0.5904,0.1,-1.66392318244
-0.6,0.5904,0.1,-1.66392318244
-0.6,0.5304,0.1,-1.56104252401
-0.6,0.4704,0.1,-1.45816186557
-0.6,0.5904,0.2,-1.23525377229
-0.6,0.5904,0.2,-1.23525377229
-0.6,0.5904,0.2,-1.23525377229
-0.6,0.5904,0.2,-1.23525377229
-0.6,0.5904,0.2,-2.52126200274
-0.6,0.5904,0.2,-2.52126200274
-0.6,0.5304,0.2,-1.13237311385
-0.6,0.5304,0.2,-1.13237311385
-0.6,0.5304,0.2,-1.13237311385
-0.6,0.5304,0.2,-1.13237311385
-0.6,0.4704,0.2,-1.02949245542
-0.6,0.4704,0.2,-1.02949245542
-0.6,0.4704,0.2,-1.02949245542
-0.6,0.4704,0.2,-1.02949245542
-0.6,0.5904,0.3,-2.09259259259
-0.6,0.5904,0.3,-2.09259259259
-0.6,0.5904,0.3,-2.09259259259
-0.6,0.5904,0.3,-2.09259259259
-0.6,0.5904,0.3,-3.37860082305
-0.6,0.5304,0.3,-1.98971193416
-0.6,0.5304,0.3,-1.98971193416
-0.6,0.5304,0.3,-1.98971193416
-0.6,0.5304,0.3,-1.98971193416
-0.6,0.5904,0.4,-1.66392318244
-0.6,0.5904,0.4,-1.66392318244
-0.6,0.5904,0.4,-1.66392318244
-0.6,0.5904,0.4,-1.66392318244
-0.6,0.5904,0.4,-1.66392318244
-0.6,0.5904,0.4,-1.66392318244
-0.6,0.5904,0.4,-2.94993141289
-0.6,0.5904,0.4,-2.94993141289
-0.6,0.5904,0.4,-2.94993141289
-0.6,0.5904,0.4,-4.23593964335
-0.6,0.5904,0.4,-4.23593964335
-0.6,0.5304,0.4,-2.84705075446
-0.6,0.5304,0.4,-2.84705075446
-0.6,0.5304,0.4,-2.84705075446
-0.6,0.5304,0.4,-4.13305898491
-0.6,0.5304,0.4,-4.13305898491
-0.6,0.5904,0.5,-2.52126200274
-0.6,0.5904,0.5,-2.52126200274
-0.6,0.5904,0.5,-2.52126200274
-0.6,0.5904,0.5,-2.52126200274
-0.6,0.5904,0.5,-2.52126200274
-0.6,0.5904,0.5,-3.8072702332
-0.6,0.5904,0.5,-3.8072702332
-0.6,0.5904,0.5,-3.8072702332
-0.6,0.5904,0.5,-3.8072702332
-0.6,0.5904,0.5,-5.09327846365
-0.6,0.5904,0.5,-5.09327846365
-0.6,0.5904,0.5,-5.09327846365
-0.6,0.5904,0.5,-6.3792866941
-0.6,0.5904,0.5,-6.3792866941
-0.6,0.5904,0.5,-7.66529492455
-0.6,0.5304,0.5,-4.99039780521
-0.6,0.5304,0.5,-4.99039780521
-0.6,0.5304,0.5,-4.99039780521
-0.6,0.5304,0.5,-6.27640603567
-0.6,0.5304,0.5,-6.27640603567
-0.6,0.4704,0.5,-7.45953360768
-0.6,0.5904,0.6,-4.6646090535
-0.6,0.5904,0.6,-4.6646090535
-0.6,0.5904,0.6,-4.6646090535
-0.6,0.5904,0.6,-4.6646090535
-0.6,0.5904,0.6,-4.6646090535
-0.6,0.5904,0.6,-5.95061728395
-0.6,0.5904,0.6,-5.95061728395
-0.6,0.5904,0.6,-5.95061728395
-0.6,0.5904,0.6,-5.95061728395
-0.6,0.5904,0.6,-5.95061728395
-0.6,0.5904,0.6,-7.2366255144
-0.6,0.5904,0.6,-7.2366255144
-0.6,0.5904,0.6,-7.2366255144
-0.6,0.5904,0.6,-8.52263374486
-0.6,0.5904,0.6,-8.52263374486
-0.6,0.5904,0.6,-8.52263374486
-0.6,0.5904,0.6,-9.80864197531
-0.6,0.5904,0.6,-9.80864197531
-0.6,0.5904,0.6,-11.0946502058
-0.6,0.5904,0.6,-11.0946502058
-0.6,0.5904,0.6,-12.3806584362
-0.6,0.5904,0.6,-12.3806584362
-0.6,0.5904,0.6,-13.6666666667
-0.6,0.5904,0.6,-14.9526748971
-0.6,0.5904,0.6,-16.2386831276
-0.6,0.5304,0.6,-7.13374485597
-0.6,0.5304,0.6,-7.13374485597
-0.6,0.5304,0.6,-7.13374485597
-0.6,0.5304,0.6,-7.13374485597
-0.6,0.5304,0.6,-8.41975308642
-0.6,0.5304,0.6,-8.41975308642
-0.6,0.5304,0.6,-8.41975308642
-0.6,0.5304,0.6,-8.41975308642
-0.6,0.5304,0.6,-9.70576131687
-0.6,0.5304,0.6,-9.70576131687
-0.6,0.5304,0.6,-9.70576131687
-0.6,0.5304,0.6,-10.9917695473
-0.6,0.5304,0.6,-10.9917695473
-0.6,0.5304,0.6,-12.2777777778
-0.6,0.5304,0.6,-12.2777777778
-0.6,0.5304,0.6,-13.5637860082
-0.6,0.5304,0.6,-14.8497942387
-0.6,0.5304,0.6,-16.1358024691
-0.6,0.4704,0.6,-9.60288065844
-0.6,0.4704,0.6,-9.60288065844
-0.6,0.4704,0.6,-9.60288065844
-0.6,0.4704,0.6,-9.60288065844
-0.6,0.4704,0.6,-10.8888888889
-0.6,0.4704,0.6,-10.8888888889
-0.6,0.4704,0.6,-10.8888888889
-0.6,0.4704,0.6,-10.8888888889
-0.6,0.4704,0.6,-12.1748971193
-0.6,0.4704,0.6,-12.1748971193
-0.6,0.4704,0.6,-12.1748971193
-0.6,0.4704,0.6,-13.4609053498
-0.6,0.4704,0.6,-13.4609053498
-0.6,0.4704,0.6,-14.7469135802
-0.6,0.4704,0.6,-14.7469135802
-0.6,0.4704,0.6,-16.0329218107
-0.6,0.4704,0.6,-16.0329218107
-0.6,0.4704,0.6,-17.3189300412
-0.6,0.4704,0.6,-17.3189300412
-0.6,0.4704,0.6,-18.6049382716
-0.6,0.4704,0.6,-18.6049382716
-0.6,0.4704,0.6,-19.8909465021
-0.6,0.4104,0.6,-22.3600823045
-0.6,0.4104,0.6,-22.3600823045
-0.6,0.4104,0.6,-22.3600823045
-0.6,0.4104,0.6,-23.646090535
-0.6,0.4104,0.6,-24.9320987654
-0.6,0.4104,0.6,-26.2181069959
-0.6,0.4104,0.6,-27.5041152263
-0.6,0.4104,0.6,-28.7901234568
-0.6,0.4104,0.6,-30.0761316872
-0.6,0.4104,0.6,-31.3621399177
-0.6,0.4104,0.6,-32.6481481481
-0.6,0.4104,0.6,-33.9341563786
-0.6,0.4104,0.6,-35.2201646091
-0.6,0.4104,0.6,-36.5061728395
-0.6,0.5904,0.7,-6.80795610425
-0.6,0.5904,0.7,-6.80795610425
-0.6,0.5904,0.7,-6.80795610425
-0.6,0.5904,0.7,-6.80795610425
-0.6,0.5904,0.7,-6.80795610425
-0.6,0.5904,0.7,-6.80795610425
-0.6,0.5904,0.7,-6.80795610425
-0.6,0.5904,0.7,-8.09396433471
-0.6,0.5904,0.7,-8.09396433471
-0.6,0.5904,0.7,-8.09396433471
-0.6,0.5904,0.7,-8.09396433471
-0.6,0.5904,0.7,-8.09396433471
-0.6,0.5904,0.7,-9.37997256516
-0.6,0.5904,0.7,-9.37997256516
-0.6,0.5904,0.7,-9.37997256516
-0.6,0.5904,0.7,-9.37997256516
-0.6,0.5904,0.7,-9.37997256516
-0.6,0.5904,0.7,-10.6659807956
-0.6,0.5904,0.7,-10.6659807956
-0.6,0.5904,0.7,-10.6659807956
-0.6,0.5904,0.7,-10.6659807956
-0.6,0.5904,0.7,-10.6659807956
-0.6,0.5904,0.7,-11.9519890261
-0.6,0.5904,0.7,-11.9519890261
-0.6,0.5904,0.7,-11.9519890261
-0.6,0.5904,0.7,-11.9519890261
-0.6,0.5904,0.7,-13.2379972565
-0.6,0.5904,0.7,-13.2379972565
-0.6,0.5904,0.7,-13.2379972565
-0.6,0.5904,0.7,-13.2379972565
-0.6,0.5904,0.7,-14.524005487
-0.6,0.5904,0.7,-14.524005487
-0.6,0.5904,0.7,-14.524005487
-0.6,0.5904,0.7,-14.524005487
-0.6,0.5904,0.7,-15.8100137174
-0.6,0.5904,0.7,-15.8100137174
-0.6,0.5904,0.7,-15.8100137174
-0.6,0.5904,0.7,-17.0960219479
-0.6,0.5904,0.7,-17.0960219479
-0.6,0.5904,0.7,-17.0960219479
-0.6,0.5904,0.7,-18.3820301783
-0.6,0.5904,0.7,-18.3820301783
-0.6,0.5904,0.7,-18.3820301783
-0.6,0.5904,0.7,-19.6680384088
-0.6,0.5904,0.7,-19.6680384088
-0.6,0.5904,0.7,-20.9540466392
-0.6,0.5904,0.7,-20.9540466392
-0.6,0.5904,0.7,-22.2400548697
-0.6,0.5904,0.7,-22.2400548697
-0.6,0.5904,0.7,-23.5260631001
-0.6,0.5904,0.7,-23.5260631001
-0.6,0.5904,0.7,-24.8120713306
-0.6,0.5904,0.7,-24.8120713306
-0.6,0.5904,0.7,-26.098079561
-0.6,0.5904,0.7,-26.098079561
-0.6,0.5904,0.7,-27.3840877915
-0.6,0.5904,0.7,-27.3840877915
-0.6,0.5904,0.7,-28.6700960219
-0.6,0.5904,0.7,-28.6700960219
-0.6,0.5904,0.7,-29.9561042524
-0.6,0.5904,0.7,-29.9561042524
-0.6,0.5904,0.7,-31.2421124829
-0.6,0.5904,0.7,-31.2421124829
-0.6,0.5304,0.7,-9.27709190672
-0.6,0.5304,0.7,-9.27709190672
-0.6,0.5304,0.7,-9.27709190672
-0.6,0.5304,0.7,-9.27709190672
-0.6,0.5304,0.7,-9.27709190672
-0.6,0.5304,0.7,-9.27709190672
-0.6,0.5304,0.7,-10.5631001372
-0.6,0.5304,0.7,-10.5631001372
-0.6,0.5304,0.7,-10.5631001372
-0.6,0.5304,0.7,-10.5631001372
-0.6,0.5304,0.7,-10.5631001372
-0.6,0.5304,0.7,-11.8491083676
-0.6,0.5304,0.7,-11.8491083676
-0.6,0.5304,0.7,-11.8491083676
-0.6,0.5304,0.7,-11.8491083676
-0.6,0.5304,0.7,-13.1351165981
-0.6,0.5304,0.7,-13.1351165981
-0.6,0.5304,0.7,-13.1351165981
-0.6,0.5304,0.7,-13.1351165981
-0.6,0.5304,0.7,-14.4211248285
-0.6,0.5304,0.7,-14.4211248285
-0.6,0.5304,0.7,-14.4211248285
-0.6,0.5304,0.7,-14.4211248285
-0.6,0.5304,0.7,-15.707133059
-0.6,0.5304,0.7,-15.707133059
-0.6,0.5304,0.7,-15.707133059
-0.6,0.5304,0.7,-15.707133059
-0.6,0.5304,0.7,-16.9931412894
-0.6,0.5304,0.7,-16.9931412894
-0.6,0.5304,0.7,-16.9931412894
-0.6,0.5304,0.7,-16.9931412894
-0.6,0.5304,0.7,-18.2791495199
-0.6,0.5304,0.7,-18.2791495199
-0.6,0.5304,0.7,-18.2791495199
-0.6,0.5304,0.7,-19.5651577503
-0.6,0.5304,0.7,-19.5651577503
-0.6,0.5304,0.7,-20.8511659808
-0.6,0.5304,0.7,-20.8511659808
-0.6,0.5304,0.7,-22.1371742112
-0.6,0.5304,0.7,-22.1371742112
-0.6,0.5304,0.7,-23.4231824417
-0.6,0.5304,0.7,-23.4231824417
-0.6,0.5304,0.7,-24.7091906722
-0.6,0.5304,0.7,-24.7091906722
-0.6,0.5304,0.7,-25.9951989026
-0.6,0.5304,0.7,-25.9951989026
-0.6,0.5304,0.7,-27.2812071331
-0.6,0.5304,0.7,-27.2812071331
-0.6,0.5304,0.7,-28.5672153635
-0.6,0.5304,0.7,-28.5672153635
-0.6,0.5304,0.7,-29.853223594
-0.6,0.5304,0.7,-29.853223594
-0.6,0.5304,0.7,-31.1392318244
-0.6,0.5304,0.7,-31.1392318244
-0.6,0.5304,0.7,-32.4252400549
-0.6,0.5304,0.7,-32.4252400549
-0.6,0.5304,0.7,-33.7112482853
-0.6,0.4704,0.7,-20.7482853224
-0.6,0.4704,0.7,-20.7482853224
-0.6,0.4704,0.7,-20.7482853224
-0.6,0.4704,0.7,-22.0342935528
-0.6,0.4704,0.7,-22.0342935528
-0.6,0.4704,0.7,-22.0342935528
-0.6,0.4704,0.7,-23.3203017833
-0.6,0.4704,0.7,-23.3203017833
-0.6,0.4704,0.7,-23.3203017833
-0.6,0.4704,0.7,-24.6063100137
-0.6,0.4704,0.7,-24.6063100137
-0.6,0.4704,0.7,-24.6063100137
-0.6,0.4704,0.7,-25.8923182442
-0.6,0.4704,0.7,-25.8923182442
-0.6,0.4704,0.7,-25.8923182442
-0.6,0.4704,0.7,-27.1783264746
-0.6,0.4704,0.7,-27.1783264746
-0.6,0.4704,0.7,-28.4643347051
-0.6,0.4704,0.7,-28.4643347051
-0.6,0.4704,0.7,-29.7503429355
-0.6,0.4704,0.7,-29.7503429355
-0.6,0.4704,0.7,-31.036351166
-0.6,0.4704,0.7,-31.036351166
-0.6,0.4704,0.7,-32.3223593964
-0.6,0.4704,0.7,-32.3223593964
-0.6,0.4704,0.7,-33.6083676269
-0.6,0.4704,0.7,-33.6083676269
-0.6,0.4704,0.7,-34.8943758573
-0.6,0.4704,0.7,-36.1803840878
-0.6,0.5904,0.8,-8.95130315501
-0.6,0.5904,0.8,-8.95130315501
-0.6,0.5904,0.8,-8.95130315501
-0.6,0.5904,0.8,-8.95130315501
-0.6,0.5904,0.8,-8.95130315501
-0.6,0.5904,0.8,-8.95130315501
-0.6,0.5904,0.8,-10.2373113855
-0.6,0.5904,0.8,-10.2373113855
-0.6,0.5904,0.8,-10.2373113855
-0.6,0.5904,0.8,-10.2373113855
-0.6,0.5904,0.8,-10.2373113855
-0.6,0.5904,0.8,-10.2373113855
-0.6,0.5904,0.8,-11.5233196159
-0.6,0.5904,0.8,-11.5233196159
-0.6,0.5904,0.8,-11.5233196159
-0.6,0.5904,0.8,-11.5233196159
-0.6,0.5904,0.8,-11.5233196159
-0.6,0.5904,0.8,-11.5233196159
-0.6,0.5904,0.8,-12.8093278464
-0.6,0.5904,0.8,-12.8093278464
-0.6,0.5904,0.8,-12.8093278464
-0.6,0.5904,0.8,-12.8093278464
-0.6,0.5904,0.8,-12.8093278464
-0.6,0.5904,0.8,-12.8093278464
-0.6,0.5904,0.8,-14.0953360768
-0.6,0.5904,0.8,-14.0953360768
-0.6,0.5904,0.8,-14.0953360768
-0.6,0.5904,0.8,-14.0953360768
-0.6,0.5904,0.8,-15.3813443073
-0.6,0.5904,0.8,-15.3813443073
-0.6,0.5904,0.8,-15.3813443073
-0.6,0.5904,0.8,-15.3813443073
-0.6,0.5904,0.8,-16.6673525377
-0.6,0.5904,0.8,-16.6673525377
-0.6,0.5904,0.8,-16.6673525377
-0.6,0.5904,0.8,-16.6673525377
-0.6,0.5904,0.8,-17.9533607682
-0.6,0.5904,0.8,-17.9533607682
-0.6,0.5904,0.8,-17.9533607682
-0.6,0.5904,0.8,-17.9533607682
-0.6,0.5904,0.8,-19.2393689986
-0.6,0.5904,0.8,-19.2393689986
-0.6,0.5904,0.8,-19.2393689986
-0.6,0.5904,0.8,-19.2393689986
-0.6,0.5904,0.8,-20.5253772291
-0.6,0.5904,0.8,-20.5253772291
-0.6,0.5904,0.8,-20.5253772291
-0.6,0.5904,0.8,-20.5253772291
-0.6,0.5904,0.8,-21.8113854595
-0.6,0.5904,0.8,-21.8113854595
-0.6,0.5904,0.8,-21.8113854595
-0.6,0.5904,0.8,-21.8113854595
-0.6,0.5904,0.8,-23.09739369
-0.6,0.5904,0.8,-23.09739369
-0.6,0.5904,0.8,-23.09739369
-0.6,0.5904,0.8,-23.09739369
-0.6,0.5904,0.8,-24.3834019204
-0.6,0.5904,0.8,-24.3834019204
-0.6,0.5904,0.8,-24.3834019204
-0.6,0.5904,0.8,-25.6694101509
-0.6,0.5904,0.8,-25.6694101509
-0.6,0.5904,0.8,-25.6694101509
-0.6,0.5904,0.8,-26.9554183813
-0.6,0.5904,0.8,-26.9554183813
-0.6,0.5904,0.8,-26.9554183813
-0.6,0.5904,0.8,-28.2414266118
-0.6,0.5904,0.8,-28.2414266118
-0.6,0.5904,0.8,-28.2414266118
-0.6,0.5904,0.8,-29.5274348422
-0.6,0.5904,0.8,-29.5274348422
-0.6,0.5904,0.8,-29.5274348422
-0.6,0.5904,0.8,-30.8134430727
-0.6,0.5904,0.8,-30.8134430727
-0.6,0.5904,0.8,-30.8134430727
-0.6,0.5904,0.8,-32.0994513032
-0.6,0.5904,0.8,-32.0994513032
-0.6,0.5904,0.8,-33.3854595336
-0.6,0.5904,0.8,-33.3854595336
-0.6,0.5304,0.8,-19.1364883402
-0.6,0.5304,0.8,-19.1364883402
-0.6,0.5304,0.8,-19.1364883402
-0.6,0.5304,0.8,-19.1364883402
-0.6,0.5304,0.8,-20.4224965706
-0.6,0.5304,0.8,-20.4224965706
-0.6,0.5304,0.8,-20.4224965706
-0.6,0.5304,0.8,-20.4224965706
-0.6,0.5304,0.8,-21.7085048011
-0.6,0.5304,0.8,-21.7085048011
-0.6,0.5304,0.8,-21.7085048011
-0.6,0.5304,0.8,-21.7085048011
-0.6,0.5304,0.8,-22.9945130316
-0.6,0.5304,0.8,-22.9945130316
-0.6,0.5304,0.8,-22.9945130316
-0.6,0.5304,0.8,-22.9945130316
-0.6,0.5304,0.8,-24.280521262
-0.6,0.5304,0.8,-24.280521262
-0.6,0.5304,0.8,-24.280521262
-0.6,0.5304,0.8,-25.5665294925
-0.6,0.5304,0.8,-25.5665294925
-0.6,0.5304,0.8,-25.5665294925
-0.6,0.5304,0.8,-26.8525377229
-0.6,0.5304,0.8,-26.8525377229
-0.6,0.5304,0.8,-26.8525377229
-0.6,0.5304,0.8,-28.1385459534
-0.6,0.5304,0.8,-28.1385459534
-0.6,0.5304,0.8,-28.1385459534
-0.6,0.5304,0.8,-29.4245541838
-0.6,0.5304,0.8,-29.4245541838
-0.6,0.5304,0.8,-29.4245541838
-0.6,0.5304,0.8,-30.7105624143
-0.6,0.5304,0.8,-30.7105624143
-0.6,0.5304,0.8,-30.7105624143
-0.6,0.5304,0.8,-31.9965706447
-0.6,0.5304,0.8,-31.9965706447
-0.6,0.5304,0.8,-31.9965706447
-0.6,0.5304,0.8,-33.2825788752
-0.6,0.5304,0.8,-33.2825788752
-0.6,0.5304,0.8,-33.2825788752
-0.6,0.5304,0.8,-34.5685871056
-0.6,0.5304,0.8,-34.5685871056
-0.6,0.5304,0.8,-34.5685871056
-0.6,0.5304,0.8,-35.8545953361
-0.6,0.5304,0.8,-35.8545953361
-0.6,0.5904,0.9,-17.524691358
-0.6,0.5904,0.9,-17.524691358
-0.6,0.5904,0.9,-17.524691358
-0.6,0.5904,0.9,-17.524691358
-0.6,0.5904,0.9,-17.524691358
-0.6,0.5904,0.9,-18.8106995885
-0.6,0.5904,0.9,-18.8106995885
-0.6,0.5904,0.9,-18.8106995885
-0.6,0.5904,0.9,-18.8106995885
-0.6,0.5904,0.9,-20.0967078189
-0.6,0.5904,0.9,-20.0967078189
-0.6,0.5904,0.9,-20.0967078189
-0.6,0.5904,0.9,-20.0967078189
-0.6,0.5904,0.9,-21.3827160494
-0.6,0.5904,0.9,-21.3827160494
-0.6,0.5904,0.9,-21.3827160494
-0.6,0.5904,0.9,-21.3827160494
-0.6,0.5904,0.9,-22.6687242798
-0.6,0.5904,0.9,-22.6687242798
-0.6,0.5904,0.9,-22.6687242798
-0.6,0.5904,0.9,-22.6687242798
-0.6,0.5904,0.9,-23.9547325103
-0.6,0.5904,0.9,-23.9547325103
-0.6,0.5904,0.9,-23.9547325103
-0.6,0.5904,0.9,-23.9547325103
-0.6,0.5904,0.9,-25.2407407407
-0.6,0.5904,0.9,-25.2407407407
-0.6,0.5904,0.9,-25.2407407407
-0.6,0.5904,0.9,-25.2407407407
-0.6,0.5904,0.9,-26.5267489712
-0.6,0.5904,0.9,-26.5267489712
-0.6,0.5904,0.9,-26.5267489712
-0.6,0.5904,0.9,-26.5267489712
-0.6,0.5904,0.9,-27.8127572016
-0.6,0.5904,0.9,-27.8127572016
-0.6,0.5904,0.9,-27.8127572016
-0.6,0.5904,0.9,-27.8127572016
-0.6,0.5904,0.9,-29.0987654321
-0.6,0.5904,0.9,-29.0987654321
-0.6,0.5904,0.9,-29.0987654321
-0.6,0.5904,0.9,-29.0987654321
-0.6,0.5904,0.9,-30.3847736626
-0.6,0.5904,0.9,-30.3847736626
-0.6,0.5904,0.9,-30.3847736626
-0.6,0.5904,0.9,-31.670781893
-0.6,0.5904,0.9,-31.670781893
-0.6,0.5904,0.9,-31.670781893
-0.6,0.5904,0.9,-32.9567901235
-0.6,0.5904,0.9,-32.9567901235
-0.6,0.5904,0.9,-32.9567901235
-0.6,0.5904,0.9,-34.2427983539
-0.6,0.5904,0.9,-34.2427983539
-0.6,0.5904,0.9,-34.2427983539
-0.6,0.5904,0.9,-35.5288065844
-0.6,0.5904,0.9,-35.5288065844
-0.6,0.5904,0.9,-35.5288065844
-0.5,0.3875,-0.6,0.6
-0.5,0.3375,-0.2,-0.2
-0.5,0.3375,-0.2,-0.2
-0.5,0.4375,-0.1,-1.8
-0.5,0.4375,-0.1,-1.8
-0.5,0.4375,0.0,-1.8
-0.5,0.4375,0.0,-1.8
-0.5,0.4375,0.0,-1.8
-0.5,0.3875,0.0,-2.6
-0.5,0.2875,0.0,-1.0
-0.5,0.2875,0.0,-1.0
-0.5,0.4375,0.1,-1.8
-0.5,0.4375,0.1,-1.8
-0.5,0.4375,0.1,-1.8
-0.5,0.4375,0.1,-1.8
-0.5,0.4375,0.1,-5.0
-0.5,0.3875,0.1,-2.6
-0.5,0.3875,0.1,-2.6
-0.5,0.3875,0.1,-2.6
-0.5,0.4375,0.2,-5.0
-0.5,0.4375,0.2,-5.0
-0.5,0.4375,0.2,-5.0
-0.5,0.3875,0.2,-2.6
-0.5,0.3875,0.2,-2.6
-0.5,0.3875,0.2,-2.6
-0.5,0.3875,0.2,-2.6
-0.5,0.3875,0.2,-5.8
-0.5,0.3375,0.2,-3.4
-0.5,0.3375,0.2,-3.4
-0.5,0.3375,0.2,-3.4
-0.5,0.4375,0.3,-5.0
-0.5,0.4375,0.3,-5.0
-0.5,0.4375,0.3,-5.0
-0.5,0.4375,0.3,-5.0
-0.5,0.4375,0.3,-8.2
-0.5,0.4375,0.3,-8.2
-0.5,0.4375,0.3,-11.4
-0.5,0.3875,0.3,-5.8
-0.5,0.3875,0.3,-5.8
-0.5,0.3875,0.3,-5.8
-0.5,0.3875,0.3,-9.0
-0.5,0.3875,0.3,-9.0
-0.5,0.3375,0.3,-9.8
-0.5,0.4375,0.4,-5.0
-0.5,0.4375,0.4,-5.0
-0.5,0.4375,0.4,-5.0
-0.5,0.4375,0.4,-5.0
-0.5,0.4375,0.4,-5.0
-0.5,0.4375,0.4,-8.2
-0.5,0.4375,0.4,-8.2
-0.5,0.4375,0.4,-8.2
-0.5,0.4375,0.4,-11.4
-0.5,0.4375,0.4,-11.4
-0.5,0.4375,0.4,-11.4
-0.5,0.4375,0.4,-14.6
-0.5,0.4375,0.4,-14.6
-0.5,0.4375,0.4,-17.8
-0.5,0.4375,0.4,-17.8
-0.5,0.4375,0.4,-21.0
-0.5,0.4375,0.4,-24.2
-0.5,0.3875,0.4,-9.0
-0.5,0.3875,0.4,-9.0
-0.5,0.3875,0.4,-9.0
-0.5,0.3875,0.4,-12.2
-0.5,0.3875,0.4,-12.2
-0.5,0.3875,0.4,-15.4
-0.5,0.3875,0.4,-15.4
-0.5,0.3875,0.4,-18.6
-0.5,0.3875,0.4,-21.8
-0.5,0.3375,0.4,-16.2
-0.5,0.3375,0.4,-16.2
-0.5,0.3375,0.4,-19.4
-0.5,0.3375,0.4,-22.6
-0.5,0.2875,0.4,-26.6
-0.5,0.2875,0.4,-26.6
-0.5,0.2875,0.4,-29.8
-0.5,0.2875,0.4,-33.0
-0.5,0.2875,0.4,-36.2
-0.5,0.4375,0.5,-8.2
-0.5,0.4375,0.5,-8.2
-0.5,0.4375,0.5,-8.2
-0.5,0.4375,0.5,-8.2
-0.5,0.4375,0.5,-8.2
-0.5,0.4375,0.5,-8.2
-0.5,0.4375,0.5,-11.4
-0.5,0.4375,0.5,-11.4
-0.5,0.4375,0.5,-11.4
-0.5,0.4375,0.5,-11.4
-0.5,0.4375,0.5,-11.4
-0.5,0.4375,0.5,-14.6
-0.5,0.4375,0.5,-14.6
-0.5,0.4375,0.5,-14.6
-0.5,0.4375,0.5,-14.6
-0.5,0.4375,0.5,-14.6
-0.5,0.4375,0.5,-17.8
-0.5,0.4375,0.5,-17.8
-0.5,0.4375,0.5,-17.8
-0.5,0.4375,0.5,-17.8
-0.5,0.4375,0.5,-21.0
-0.5,0.4375,0.5,-21.0
-0.5,0.4375,0.5,-21.0
-0.5,0.4375,0.5,-21.0
-0.5,0.4375,0.5,-24.2
-0.5,0.4375,0.5,-24.2
-0.5,0.4375,0.5,-24.2
-0.5,0.4375,0.5,-27.4
-0.5,0.4375,0.5,-27.4
-0.5,0.4375,0.5,-30.6
-0.5,0.4375,0.5,-30.6
-0.5,0.4375,0.5,-33.8
-0.5,0.4375,0.5,-33.8
-0.5,0.4375,0.5,-37.0
-0.5,0.4375,0.5,-37.0
-0.5,0.4375,0.5,-40.2
-0.5,0.4375,0.5,-40.2
-0.5,0.4375,0.5,-43.4
-0.5,0.4375,0.5,-43.4
-0.5,0.4375,0.5,-46.6
-0.5,0.4375,0.5,-49.8
-0.5,0.4375,0.5,-53.0
-0.5,0.4375,0.5,-56.2
-0.5,0.4375,0.5,-59.4
-0.5,0.4375,0.5,-62.6
-0.5,0.4375,0.5,-65.8
-0.5,0.4375,0.5,-69.0
-0.5,0.3875,0.5,-15.4
-0.5,0.3875,0.5,-15.4
-0.5,0.3875,0.5,-15.4
-0.5,0.3875,0.5,-15.4
-0.5,0.3875,0.5,-18.6
-0.5,0.3875,0.5,-18.6
-0.5,0.3875,0.5,-18.6
-0.5,0.3875,0.5,-18.6
-0.5,0.3875,0.5,-21.8
-0.5,0.3875,0.5,-21.8
-0.5,0.3875,0.5,-21.8
-0.5,0.3875,0.5,-21.8
-0.5,0.3875,0.5,-25.0
-0.5,0.3875,0.5,-25.0
-0.5,0.3875,0.5,-25.0
-0.5,0.3875,0.5,-28.2
-0.5,0.3875,0.5,-28.2
-0.5,0.3875,0.5,-28.2
-0.5,0.3875,0.5,-31.4
-0.5,0.3875,0.5,-31.4
-0.5,0.3875,0.5,-34.6
-0.5,0.3875,0.5,-34.6
-0.5,0.3875,0.5,-37.8
-0.5,0.3875,0.5,-37.8
-0.5,0.3875,0.5,-41.0
-0.5,0.3875,0.5,-41.0
-0.5,0.3875,0.5,-44.2
-0.5,0.3875,0.5,-47.4
-0.5,0.3875,0.5,-50.6
-0.5,0.3875,0.5,-53.8
-0.5,0.3875,0.5,-57.0
-0.5,0.3875,0.5,-60.2
-0.5,0.3875,0.5,-63.4
-0.5,0.3875,0.5,-66.6
-0.5,0.3875,0.5,-69.8
-0.5,0.3875,0.5,-73.0
-0.5,0.3875,0.5,-76.2
-0.5,0.3375,0.5,-25.8
-0.5,0.3375,0.5,-25.8
-0.5,0.3375,0.5,-25.8
-0.5,0.3375,0.5,-29.0
-0.5,0.3375,0.5,-29.0
-0.5,0.3375,0.5,-29.0
-0.5,0.3375,0.5,-32.2
-0.5,0.3375,0.5,-32.2
-0.5,0.3375,0.5,-32.2
-0.5,0.3375,0.5,-35.4
-0.5,0.3375,0.5,-35.4
-0.5,0.3375,0.5,-35.4
-0.5,0.3375,0.5,-38.6
-0.5,0.3375,0.5,-38.6
-0.5,0.3375,0.5,-38.6
-0.5,0.3375,0.5,-41.8
-0.5,0.3375,0.5,-41.8
-0.5,0.3375,0.5,-41.8
-0.5,0.3375,0.5,-45.0
-0.5,0.3375,0.5,-45.0
-0.5,0.3375,0.5,-48.2
-0.5,0.3375,0.5,-48.2
-0.5,0.3375,0.5,-51.4
-0.5,0.3375,0.5,-51.4
-0.5,0.3375,0.5,-54.6
-0.5,0.3375,0.5,-54.6
-0.5,0.3375,0.5,-57.8
-0.5,0.3375,0.5,-61.0
-0.5,0.3375,0.5,-64.2
-0.5,0.3375,0.5,-67.4
-0.5,0.3375,0.5,-70.6
-0.5,0.3375,0.5,-73.8
-0.5,0.3375,0.5,-77.0
-0.5,0.3375,0.5,-80.2
-0.5,0.3375,0.5,-83.4
-0.5,0.4375,0.6,-14.6
-0.5,0.4375,0.6,-14.6
-0.5,0.4375,0.6,-14.6
-0.5,0.4375,0.6,-14.6
-0.5,0.4375,0.6,-14.6
-0.5,0.4375,0.6,-14.6
-0.5,0.4375,0.6,-17.8
-0.5,0.4375,0.6,-17.8
-0.5,0.4375,0.6,-17.8
-0.5,0.4375,0.6,-17.8
-0.5,0.4375,0.6,-17.8
-0.5,0.4375,0.6,-17.8
-0.5,0.4375,0.6,-21.0
-0.5,0.4375,0.6,-21.0
-0.5,0.4375,0.6,-21.0
-0.5,0.4375,0.6,-21.0
-0.5,0.4375,0.6,-21.0
-0.5,0.4375,0.6,-24.2
-0.5,0.4375,0.6,-24.2
-0.5,0.4375,0.6,-24.2
-0.5,0.4375,0.6,-24.2
-0.5,0.4375,0.6,-27.4
-0.5,0.4375,0.6,-27.4
-0.5,0.4375,0.6,-27.4
-0.5,0.4375,0.6,-27.4
-0.5,0.4375,0.6,-30.6
-0.5,0.4375,0.6,-30.6
-0.5,0.4375,0.6,-30.6
-0.5,0.4375,0.6,-30.6
-0.5,0.4375,0.6,-33.8
-0.5,0.4375,0.6,-33.8
-0.5,0.4375,0.6,-33.8
-0.5,0.4375,0.6,-37.0
-0.5,0.4375,0.6,-37.0
-0.5,0.4375,0.6,-37.0
-0.5,0.4375,0.6,-40.2
-0.5,0.4375,0.6,-40.2
-0.5,0.4375,0.6,-40.2
-0.5,0.4375,0.6,-43.4
-0.5,0.4375,0.6,-43.4
-0.5,0.4375,0.6,-43.4
-0.5,0.4375,0.6,-46.6
-0.5,0.4375,0.6,-46.6
-0.5,0.4375,0.6,-46.6
-0.5,0.4375,0.6,-49.8
-0.5,0.4375,0.6,-49.8
-0.5,0.4375,0.6,-49.8
-0.5,0.4375,0.6,-53.0
-0.5,0.4375,0.6,-53.0
-0.5,0.4375,0.6,-53.0
-0.5,0.4375,0.6,-56.2
-0.5,0.4375,0.6,-56.2
-0.5,0.4375,0.6,-56.2
-0.5,0.4375,0.6,-59.4
-0.5,0.4375,0.6,-59.4
-0.5,0.4375,0.6,-59.4
-0.5,0.4375,0.6,-62.6
-0.5,0.4375,0.6,-62.6
-0.5,0.4375,0.6,-62.6
-0.5,0.4375,0.6,-65.8
-0.5,0.4375,0.6,-65.8
-0.5,0.4375,0.6,-69.0
-0.5,0.4375,0.6,-69.0
-0.5,0.4375,0.6,-72.2
-0.5,0.4375,0.6,-72.2
-0.5,0.4375,0.6,-75.4
-0.5,0.4375,0.6,-75.4
-0.5,0.3875,0.6,-25.0
-0.5,0.3875,0.6,-25.0
-0.5,0.3875,0.6,-25.0
-0.5,0.3875,0.6,-25.0
-0.5,0.3875,0.6,-25.0
-0.5,0.3875,0.6,-28.2
-0.5,0.3875,0.6,-28.2
-0.5,0.3875,0.6,-28.2
-0.5,0.3875,0.6,-28.2
-0.5,0.3875,0.6,-28.2
-0.5,0.3875,0.6,-31.4
-0.5,0.3875,0.6,-31.4
-0.5,0.3875,0.6,-31.4
-0.5,0.3875,0.6,-34.6
-0.5,0.3875,0.6,-34.6
-0.5,0.3875,0.6,-34.6
-0.5,0.3875,0.6,-37.8
-0.5,0.3875,0.6,-37.8
-0.5,0.3875,0.6,-37.8
-0.5,0.3875,0.6,-41.0
-0.5,0.3875,0.6,-41.0
-0.5,0.3875,0.6,-41.0
-0.5,0.3875,0.6,-44.2
-0.5,0.3875,0.6,-44.2
-0.5,0.3875,0.6,-44.2
-0.5,0.3875,0.6,-47.4
-0.5,0.3875,0.6,-47.4
-0.5,0.3875,0.6,-47.4
-0.5,0.3875,0.6,-50.6
-0.5,0.3875,0.6,-50.6
-0.5,0.3875,0.6,-50.6
-0.5,0.3875,0.6,-53.8
-0.5,0.3875,0.6,-53.8
-0.5,0.3875,0.6,-53.8
-0.5,0.3875,0.6,-57.0
-0.5,0.3875,0.6,-57.0
-0.5,0.3875,0.6,-57.0
-0.5,0.3875,0.6,-60.2
-0.5,0.3875,0.6,-60.2
-0.5,0.3875,0.6,-60.2
-0.5,0.3875,0.6,-63.4
-0.5,0.3875,0.6,-63.4
-0.5,0.3875,0.6,-66.6
-0.5,0.3875,0.6,-66.6
-0.5,0.3875,0.6,-69.8
-0.5,0.3875,0.6,-69.8
-0.5,0.3875,0.6,-73.0
-0.5,0.3875,0.6,-73.0
-0.5,0.3875,0.6,-76.2
-0.5,0.3875,0.6,-76.2
-0.5,0.3875,0.6,-79.4
-0.5,0.3875,0.6,-79.4
-0.5,0.3875,0.6,-82.6
-0.5,0.3875,0.6,-82.6
-0.5,0.4375,0.7,-24.2
-0.5,0.4375,0.7,-24.2
-0.5,0.4375,0.7,-24.2
-0.5,0.4375,0.7,-24.2
-0.5,0.4375,0.7,-24.2
-0.5,0.4375,0.7,-27.4
-0.5,0.4375,0.7,-27.4
-0.5,0.4375,0.7,-27.4
-0.5,0.4375,0.7,-27.4
-0.5,0.4375,0.7,-27.4
-0.5,0.4375,0.7,-30.6
-0.5,0.4375,0.7,-30.6
-0.5,0.4375,0.7,-30.6
-0.5,0.4375,0.7,-30.6
-0.5,0.4375,0.7,-30.6
-0.5,0.4375,0.7,-33.8
-0.5,0.4375,0.7,-33.8
-0.5,0.4375,0.7,-33.8
-0.5,0.4375,0.7,-33.8
-0.5,0.4375,0.7,-33.8
-0.5,0.4375,0.7,-37.0
-0.5,0.4375,0.7,-37.0
-0.5,0.4375,0.7,-37.0
-0.5,0.4375,0.7,-37.0
-0.5,0.4375,0.7,-37.0
-0.5,0.4375,0.7,-40.2
-0.5,0.4375,0.7,-40.2
-0.5,0.4375,0.7,-40.2
-0.5,0.4375,0.7,-40.2
-0.5,0.4375,0.7,-43.4
-0.5,0.4375,0.7,-43.4
-0.5,0.4375,0.7,-43.4
-0.5,0.4375,0.7,-46.6
-0.5,0.4375,0.7,-46.6
-0.5,0.4375,0.7,-46.6
-0.5,0.4375,0.7,-49.8
-0.5,0.4375,0.7,-49.8
-0.5,0.4375,0.7,-49.8
-0.5,0.4375,0.7,-53.0
-0.5,0.4375,0.7,-53.0
-0.5,0.4375,0.7,-53.0
-0.5,0.4375,0.7,-56.2
-0.5,0.4375,0.7,-56.2
-0.5,0.4375,0.7,-56.2
-0.5,0.4375,0.7,-59.4
-0.5,0.4375,0.7,-59.4
-0.5,0.4375,0.7,-59.4
-0.5,0.4375,0.7,-62.6
-0.5,0.4375,0.7,-62.6
-0.5,0.4375,0.7,-62.6
-0.5,0.4375,0.7,-65.8
-0.5,0.4375,0.7,-65.8
-0.5,0.4375,0.7,-65.8
-0.5,0.4375,0.7,-69.0
-0.5,0.4375,0.7,-69.0
-0.5,0.4375,0.7,-69.0
-0.5,0.4375,0.7,-72.2
-0.5,0.4375,0.7,-72.2
-0.5,0.4375,0.7,-72.2
-0.5,0.4375,0.7,-75.4
-0.5,0.4375,0.7,-75.4
-0.5,0.4375,0.7,-75.4
-0.5,0.4375,0.7,-78.6
-0.5,0.4375,0.7,-78.6
-0.5,0.4375,0.7,-78.6
-0.5,0.4375,0.7,-81.8
-0.5,0.4375,0.7,-81.8
-0.5,0.4375,0.7,-81.8
-0.4,0.2544,-0.2,-0.515625
-0.4,0.2144,-0.1,-0.7109375
-0.4,0.2144,-0.1,-0.7109375
-0.4,0.2944,0.0,-5.203125
-0.4,0.2944,0.0,-5.203125
-0.4,0.2944,0.1,-10.0859375
-0.4,0.2944,0.1,-10.0859375
-0.4,0.2944,0.1,-10.0859375
-0.4,0.2544,0.1,-5.3984375
-0.4,0.2544,0.1,-5.3984375
-0.4,0.2544,0.1,-5.3984375
-0.4,0.2144,0.1,-10.4765625
-0.4,0.2944,0.2,-14.96875
-0.4,0.2944,0.2,-14.96875
-0.4,0.2944,0.2,-24.734375
-0.4,0.2944,0.2,-34.5
-0.4,0.2544,0.2,-10.28125
-0.4,0.2544,0.2,-10.28125
-0.4,0.2544,0.2,-10.28125
-0.4,0.2544,0.2,-20.046875
-0.4,0.2544,0.2,-20.046875
-0.4,0.2544,0.2,-29.8125
-0.4,0.2144,0.2,-25.125
-0.4,0.2944,0.3,-19.8515625
-0.4,0.2944,0.3,-19.8515625
-0.4,0.2944,0.3,-19.8515625
-0.4,0.2944,0.3,-29.6171875
-0.4,0.2944,0.3,-29.6171875
-0.4,0.2944,0.3,-29.6171875
-0.4,0.2944,0.3,-39.3828125
-0.4,0.2944,0.3,-39.3828125
-0.4,0.2944,0.3,-49.1484375
-0.4,0.2944,0.3,-49.1484375
-0.4,0.2944,0.3,-58.9140625
-0.4,0.2944,0.3,-58.9140625
-0.4,0.2944,0.3,-68.6796875
-0.4,0.2944,0.3,-78.4453125
-0.4,0.2944,0.3,-88.2109375
-0.4,0.2944,0.3,-97.9765625
-0.4,0.2944,0.3,-107.7421875
-0.4,0.2544,0.3,-24.9296875
-0.4,0.2544,0.3,-24.9296875
-0.4,0.2544,0.3,-24.9296875
-0.4,0.2544,0.3,-34.6953125
-0.4,0.2544,0.3,-34.6953125
-0.4,0.2544,0.3,-44.4609375
-0.4,0.2544,0.3,-44.4609375
-0.4,0.2544,0.3,-54.2265625
-0.4,0.2544,0.3,-54.2265625
-0.4,0.2544,0.3,-63.9921875
-0.4,0.2544,0.3,-73.7578125
-0.4,0.2544,0.3,-83.5234375
-0.4,0.2544,0.3,-93.2890625
-0.4,0.2144,0.3,-49.5390625
-0.4,0.2144,0.3,-49.5390625
-0.4,0.2144,0.3,-49.5390625
-0.4,0.2144,0.3,-59.3046875
-0.4,0.2144,0.3,-59.3046875
-0.4,0.2144,0.3,-69.0703125
-0.4,0.2144,0.3,-69.0703125
-0.4,0.2144,0.3,-78.8359375
-0.4,0.2144,0.3,-78.8359375
-0.4,0.2144,0.3,-88.6015625
-0.4,0.2144,0.3,-88.6015625
-0.4,0.2144,0.3,-98.3671875
-0.4,0.2144,0.3,-98.3671875
-0.4,0.1744,0.3,-191.3359375
-0.4,0.1744,0.3,-201.1015625
-0.4,0.1744,0.3,-210.8671875
-0.4,0.1744,0.3,-220.6328125
-0.4,0.1744,0.3,-230.3984375
-0.4,0.1744,0.3,-240.1640625
-0.4,0.1744,0.3,-249.9296875
-0.4,0.2944,0.4,-34.5
-0.4,0.2944,0.4,-34.5
-0.4,0.2944,0.4,-34.5
-0.4,0.2944,0.4,-34.5
-0.4,0.2944,0.4,-34.5
-0.4,0.2944,0.4,-44.265625
-0.4,0.2944,0.4,-44.265625
-0.4,0.2944,0.4,-44.265625
-0.4,0.2944,0.4,-44.265625
-0.4,0.2944,0.4,-54.03125
-0.4,0.2944,0.4,-54.03125
-0.4,0.2944,0.4,-54.03125
-0.4,0.2944,0.4,-63.796875
-0.4,0.2944,0.4,-63.796875
-0.4,0.2944,0.4,-63.796875
-0.4,0.2944,0.4,-73.5625
-0.4,0.2944,0.4,-73.5625
-0.4,0.2944,0.4,-73.5625
-0.4,0.2944,0.4,-83.328125
-0.4,0.2944,0.4,-83.328125
-0.4,0.2944,0.4,-83.328125
-0.4,0.2944,0.4,-93.09375
-0.4,0.2944,0.4,-93.09375
-0.4,0.2944,0.4,-102.859375
-0.4,0.2944,0.4,-102.859375
-0.4,0.2944,0.4,-112.625
-0.4,0.2944,0.4,-112.625
-0.4,0.2944,0.4,-122.390625
-0.4,0.2944,0.4,-122.390625
-0.4,0.2944,0.4,-132.15625
-0.4,0.2944,0.4,-132.15625
-0.4,0.2944,0.4,-141.921875
-0.4,0.2944,0.4,-141.921875
-0.4,0.2944,0.4,-151.6875
-0.4,0.2944,0.4,-151.6875
-0.4,0.2944,0.4,-161.453125
-0.4,0.2944,0.4,-161.453125
-0.4,0.2944,0.4,-171.21875
-0.4,0.2944,0.4,-171.21875
-0.4,0.2944,0.4,-180.984375
-0.4,0.2944,0.4,-180.984375
-0.4,0.2944,0.4,-190.75
-0.4,0.2944,0.4,-190.75
-0.4,0.2944,0.4,-200.515625
-0.4,0.2944,0.4,-200.515625
-0.4,0.2944,0.4,-210.28125
-0.4,0.2944,0.4,-210.28125
-0.4,0.2544,0.4,-49.34375
-0.4,0.2544,0.4,-49.34375
-0.4,0.2544,0.4,-49.34375
-0.4,0.2544,0.4,-49.34375
-0.4,0.2544,0.4,-59.109375
-0.4,0.2544,0.4,-59.109375
-0.4,0.2544,0.4,-59.109375
-0.4,0.2544,0.4,-59.109375
-0.4,0.2544,0.4,-68.875
-0.4,0.2544,0.4,-68.875
-0.4,0.2544,0.4,-68.875
-0.4,0.2544,0.4,-68.875
-0.4,0.2544,0.4,-78.640625
-0.4,0.2544,0.4,-78.640625
-0.4,0.2544,0.4,-78.640625
-0.4,0.2544,0.4,-88.40625
-0.4,0.2544,0.4,-88.40625
-0.4,0.2544,0.4,-98.171875
-0.4,0.2544,0.4,-98.171875
-0.4,0.2544,0.4,-107.9375
-0.4,0.2544,0.4,-107.9375
-0.4,0.2544,0.4,-117.703125
-0.4,0.2544,0.4,-117.703125
-0.4,0.2544,0.4,-127.46875
-0.4,0.2544,0.4,-127.46875
-0.4,0.2544,0.4,-137.234375
-0.4,0.2544,0.4,-137.234375
-0.4,0.2544,0.4,-147.0
-0.4,0.2544,0.4,-147.0
-0.4,0.2544,0.4,-156.765625
-0.4,0.2544,0.4,-156.765625
-0.4,0.2544,0.4,-166.53125
-0.4,0.2544,0.4,-166.53125
-0.4,0.2544,0.4,-176.296875
-0.4,0.2544,0.4,-176.296875
-0.4,0.2544,0.4,-186.0625
-0.4,0.2544,0.4,-186.0625
-0.4,0.2544,0.4,-195.828125
-0.4,0.2544,0.4,-195.828125
-0.4,0.2544,0.4,-205.59375
-0.4,0.2544,0.4,-215.359375
-0.4,0.2544,0.4,-225.125
-0.4,0.2544,0.4,-234.890625
-0.4,0.2944,0.5,-107.7421875
-0.4,0.2944,0.5,-107.7421875
-0.4,0.2944,0.5,-107.7421875
-0.4,0.2944,0.5,-107.7421875
-0.4,0.2944,0.5,-117.5078125
-0.4,0.2944,0.5,-117.5078125
-0.4,0.2944,0.5,-117.5078125
-0.4,0.2944,0.5,-127.2734375
-0.4,0.2944,0.5,-127.2734375
-0.4,0.2944,0.5,-127.2734375
-0.4,0.2944,0.5,-137.0390625
-0.4,0.2944,0.5,-137.0390625
-0.4,0.2944,0.5,-137.0390625
-0.4,0.2944,0.5,-146.8046875
-0.4,0.2944,0.5,-146.8046875
-0.4,0.2944,0.5,-146.8046875
-0.4,0.2944,0.5,-156.5703125
-0.4,0.2944,0.5,-156.5703125
-0.4,0.2944,0.5,-166.3359375
-0.4,0.2944,0.5,-166.3359375
-0.4,0.2944,0.5,-176.1015625
-0.4,0.2944,0.5,-176.1015625
-0.4,0.2944,0.5,-185.8671875
-0.4,0.2944,0.5,-185.8671875
-0.4,0.2944,0.5,-195.6328125
-0.4,0.2944,0.5,-195.6328125
-0.4,0.2944,0.5,-205.3984375
-0.4,0.2944,0.5,-205.3984375
-0.4,0.2944,0.5,-215.1640625
-0.4,0.2944,0.5,-215.1640625
-0.4,0.2944,0.5,-224.9296875
-0.4,0.2944,0.5,-224.9296875
-0.4,0.2944,0.5,-234.6953125
-0.4,0.2944,0.5,-234.6953125
-0.3,0.1719,0.0,-22.5144032922
-0.3,0.1419,0.0,-11.4032921811
-0.3,0.1419,0.0,-11.4032921811
-0.3,0.1719,0.1,-36.231824417
-0.3,0.1719,0.1,-36.231824417
-0.3,0.1719,0.1,-77.3840877915
-0.3,0.1419,0.1,-25.1207133059
-0.3,0.1419,0.1,-25.1207133059
-0.3,0.1419,0.1,-66.2729766804
-0.3,0.1719,0.2,-91.1015089163
-0.3,0.1719,0.2,-91.1015089163
-0.3,0.1719,0.2,-91.1015089163
-0.3,0.1719,0.2,-132.253772291
-0.3,0.1719,0.2,-132.253772291
-0.3,0.1719,0.2,-173.406035665
-0.3,0.1719,0.2,-173.406035665
-0.3,0.1719,0.2,-214.55829904
-0.3,0.1719,0.2,-214.55829904
-0.3,0.1719,0.2,-255.710562414
-0.3,0.1719,0.2,-296.862825789
-0.3,0.1719,0.2,-338.015089163
-0.3,0.1719,0.2,-379.167352538
-0.3,0.1719,0.2,-420.319615912
-0.3,0.1719,0.2,-461.471879287
-0.3,0.1719,0.2,-502.624142661
-0.3,0.1719,0.2,-543.776406036
-0.3,0.1719,0.2,-584.92866941
-0.3,0.1719,0.2,-626.080932785
-0.3,0.1719,0.2,-667.233196159
-0.3,0.1419,0.2,-121.14266118
-0.3,0.1419,0.2,-121.14266118
-0.3,0.1419,0.2,-162.294924554
-0.3,0.1419,0.2,-162.294924554
-0.3,0.1419,0.2,-203.447187929
-0.3,0.1419,0.2,-203.447187929
-0.3,0.1419,0.2,-244.599451303
-0.3,0.1419,0.2,-285.751714678
-0.3,0.1419,0.2,-326.903978052
-0.3,0.1419,0.2,-368.056241427
-0.3,0.1419,0.2,-409.208504801
-0.3,0.1419,0.2,-450.360768176
-0.3,0.1419,0.2,-491.51303155
-0.3,0.1419,0.2,-532.665294925
-0.3,0.1419,0.2,-573.817558299
-0.3,0.1419,0.2,-614.969821674
-0.3,0.1119,0.2,-603.858710562
-0.3,0.1119,0.2,-645.010973937
-0.3,0.1119,0.2,-686.163237311
-0.3,0.1119,0.2,-727.315500686
-0.3,0.1719,0.3,-392.884773663
-0.3,0.1719,0.3,-392.884773663
-0.3,0.1719,0.3,-434.037037037
-0.3,0.1719,0.3,-434.037037037
-0.3,0.1719,0.3,-475.189300412
-0.3,0.1719,0.3,-475.189300412
-0.3,0.1719,0.3,-516.341563786
-0.3,0.1719,0.3,-516.341563786
-0.3,0.1719,0.3,-557.49382716
-0.3,0.1719,0.3,-557.49382716
-0.3,0.1719,0.3,-598.646090535
-0.3,0.1719,0.3,-598.646090535
-0.3,0.1719,0.3,-639.798353909
-0.3,0.1719,0.3,-639.798353909
-0.3,0.1719,0.3,-680.950617284
-0.3,0.1719,0.3,-680.950617284
-0.3,0.1719,0.3,-722.102880658
-0.3,0.1719,0.3,-722.102880658
-0.3,0.1719,0.3,-763.255144033
-0.3,0.1719,0.3,-763.255144033
-0.3,0.1719,0.3,-804.407407407
-0.3,0.1719,0.3,-804.407407407
-0.3,0.1719,0.3,-845.559670782
-0.3,0.1719,0.3,-845.559670782
-0.3,0.1719,0.3,-886.711934156
-0.3,0.1719,0.3,-886.711934156
-0.3,0.1719,0.3,-927.864197531
-0.2,0.0784,0.1,-459.5
-0.2,0.0784,0.1,-459.5
-0.2,0.0784,0.1,-772.0
-0.2,0.0784,0.1,-772.0
-0.2,0.0784,0.1,-1084.5
-0.2,0.0784,0.1,-1084.5
-0.2,0.0784,0.1,-1397.0
-0.2,0.0784,0.1,-1397.0
-0.2,0.0784,0.1,-1709.5
-0.2,0.0784,0.1,-2022.0
-0.2,0.0784,0.1,-2334.5
-0.2,0.0784,0.1,-2647.0
-0.2,0.0784,0.1,-2959.5
-0.2,0.0784,0.1,-3272.0
-0.2,0.0784,0.1,-3584.5
-0.2,0.0784,0.1,-3897.0
-0.2,0.0784,0.1,-4209.5
-0.2,0.0784,0.1,-4522.0
-0.2,0.0584,0.1,-1359.5
-0.2,0.0584,0.1,-1672.0
-0.2,0.0584,0.1,-1984.5
-0.2,0.0584,0.1,-2297.0
-0.2,0.0584,0.1,-2609.5
-0.2,0.0584,0.1,-2922.0
-0.2,0.0584,0.1,-3234.5
-0.2,0.0584,0.1,-3547.0
-0.2,0.0584,0.1,-3859.5
-0.2,0.0584,0.1,-4172.0
-0.2,0.0584,0.1,-4484.5
-0.2,0.0584,0.1,-4797.0
-0.2,0.0584,0.1,-5109.5
-0.2,0.0584,0.1,-5422.0
-0.2,0.0584,0.1,-5734.5
-0.1,0.0199,0.0,-597.0
