beta,gamma,rho,sigma,b0,q0
-1.0,1.0,-1.0,0.9,0.0,0.1
-1.0,1.0,-1.0,0.9,0.0,0.1
-1.0,1.0,-0.9,0.8,0.0,0.1
-1.0,1.0,-0.9,0.8,0.0,0.1
-1.0,1.0,-0.9,0.8,0.0,0.1
-0.9,0.9639,-1.0,1.87739184594,0.0,0.1
-0.9,0.9639,-0.9,1.68922420363,0.0,0.1
-0.9,0.9639,-0.9,1.68922420363,0.0,0.1
-0.9,0.9639,-0.9,1.68922420363,0.0,0.1
-0.9,0.9639,-0.8,1.50105656131,0.0,0.1
-0.9,0.9639,-0.8,1.50105656131,0.0,0.1
-0.9,0.9639,-0.8,1.50105656131,0.0,0.1
-0.8,0.8704,-0.8,3.69580078125,0.0,0.1
-0.8,0.8704,-0.8,3.69580078125,0.0,0.1
-0.8,0.8704,-0.7,3.31433105469,0.0,0.1
-0.8,0.8704,-0.7,3.31433105469,0.0,0.1
-0.8,0.8704,-0.7,3.31433105469,0.0,0.1
-0.7,0.7399,-0.6,7.75482154544,0.0,0.1
-0.7,0.7399,-0.6,7.75482154544,0.0,0.1
-0.7,0.7399,-0.5,6.90483557021,0.0,0.1
-0.7,0.7399,-0.5,6.90483557021,0.0,0.1
-0.7,0.7399,-0.5,6.90483557021,0.0,0.1
-0.7,0.7399,-0.5,6.90483557021,0.0,0.1
-0.6,0.5904,-0.5,18.9122085048,0.0,0.1
-0.6,0.5904,-0.4,16.768861454,0.0,0.1
-0.6,0.5904,-0.4,16.768861454,0.0,0.1
-0.6,0.5904,-0.3,14.6255144033,0.0,0.1
-0.6,0.5904,-0.3,14.6255144033,0.0,0.1
-0.6,0.5904,-0.3,14.6255144033,0.0,0.1
-0.5,0.4375,-0.3,43.0,0.0,0.1
-0.5,0.4375,-0.2,36.6,0.0,0.1
-0.5,0.4375,-0.2,36.6,0.0,0.1
-0.5,0.4375,-0.2,36.6,0.0,0.1
-0.4,0.2944,-0.2,121.75,0.0,0.1
-0.4,0.2944,-0.1,97.3359375,0.0,0.1
-0.4,0.2944,-0.1,97.3359375,0.0,0.1
-0.4,0.2944,-0.1,97.3359375,0.0,0.1
-0.3,0.1719,-0.1,402.725651578,0.0,0.1
-1.0,1.0,-1.0,0.8,0.0,0.2
-1.0,1.0,-1.0,0.8,0.0,0.2
-1.0,1.0,-0.9,0.7,0.0,0.2
-1.0,1.0,-0.9,0.7,0.0,0.2
-1.0,1.0,-0.9,0.7,0.0,0.2
-0.9,0.9639,-1.0,1.70804096786,0.0,0.2
-0.9,0.9639,-0.9,1.51987332554,0.0,0.2
-0.9,0.9639,-0.9,1.51987332554,0.0,0.2
-0.9,0.9639,-0.9,1.51987332554,0.0,0.2
-0.9,0.9639,-0.8,1.33170568323,0.0,0.2
-0.9,0.9639,-0.8,1.33170568323,0.0,0.2
-0.9,0.9639,-0.8,1.33170568323,0.0,0.2
-0.8,0.8704,-0.8,3.390625,0.0,0.2
-0.8,0.8704,-0.8,3.390625,0.0,0.2
-0.8,0.8704,-0.7,3.00915527344,0.0,0.2
-0.8,0.8704,-0.7,3.00915527344,0.0,0.2
-0.8,0.8704,-0.7,3.00915527344,0.0,0.2
-0.7,0.7399,-0.7,8.00981733801,0.0,0.2
-0.7,0.7399,-0.6,7.15983136278,0.0,0.2
-0.7,0.7399,-0.6,7.15983136278,0.0,0.2
-0.7,0.7399,-0.5,6.30984538755,0.0,0.2
-0.7,0.7399,-0.5,6.30984538755,0.0,0.2
-0.7,0.7399,-0.5,6.30984538755,0.0,0.2
-0.7,0.7399,-0.5,6.30984538755,0.0,0.2
-0.6,0.5904,-0.5,17.6262002743,0.0,0.2
-0.6,0.5904,-0.4,15.4828532236,0.0,0.2
-0.6,0.5904,-0.4,15.4828532236,0.0,0.2
-0.6,0.5904,-0.4,15.4828532236,0.0,0.2
-0.6,0.5904,-0.3,13.3395061728,0.0,0.2
-0.6,0.5904,-0.3,13.3395061728,0.0,0.2
-0.6,0.5904,-0.3,13.3395061728,0.0,0.2
-0.5,0.4375,-0.3,39.8,0.0,0.2
-0.5,0.4375,-0.2,33.4,0.0,0.2
-0.5,0.4375,-0.2,33.4,0.0,0.2
-0.5,0.4375,-0.2,33.4,0.0,0.2
-0.4,0.2944,-0.2,111.984375,0.0,0.2
-0.4,0.2944,-0.2,111.984375,0.0,0.2
-0.4,0.2944,-0.1,87.5703125,0.0,0.2
-0.4,0.2944,-0.1,87.5703125,0.0,0.2
-0.4,0.2944,-0.1,87.5703125,0.0,0.2
-0.3,0.1719,-0.1,361.573388203,0.0,0.2
-1.0,1.0,-1.0,0.7,0.0,0.3
-1.0,1.0,-1.0,0.7,0.0,0.3
-1.0,1.0,-0.9,0.6,0.0,0.3
-1.0,1.0,-0.9,0.6,0.0,0.3
-1.0,1.0,-0.9,0.6,0.0,0.3
-0.9,0.9639,-1.0,1.53869008977,0.0,0.3
-0.9,0.9639,-0.9,1.35052244746,0.0,0.3
-0.9,0.9639,-0.9,1.35052244746,0.0,0.3
-0.9,0.9639,-0.9,1.35052244746,0.0,0.3
-0.8,0.8704,-0.9,3.46691894531,0.0,0.3
-0.8,0.8704,-0.8,3.08544921875,0.0,0.3
-0.8,0.8704,-0.8,3.08544921875,0.0,0.3
-0.8,0.8704,-0.7,2.70397949219,0.0,0.3
-0.8,0.8704,-0.7,2.70397949219,0.0,0.3
-0.8,0.8704,-0.7,2.70397949219,0.0,0.3
-0.7,0.7399,-0.7,7.41482715535,0.0,0.3
-0.7,0.7399,-0.6,6.56484118012,0.0,0.3
-0.7,0.7399,-0.6,6.56484118012,0.0,0.3
-0.7,0.7399,-0.5,5.71485520489,0.0,0.3
-0.7,0.7399,-0.5,5.71485520489,0.0,0.3
-0.7,0.7399,-0.5,5.71485520489,0.0,0.3
-0.7,0.7399,-0.5,5.71485520489,0.0,0.3
-0.6,0.5904,-0.5,16.3401920439,0.0,0.3
-0.6,0.5904,-0.4,14.1968449931,0.0,0.3
-0.6,0.5904,-0.4,14.1968449931,0.0,0.3
-0.6,0.5904,-0.4,14.1968449931,0.0,0.3
-0.6,0.5904,-0.3,12.0534979424,0.0,0.3
-0.6,0.5904,-0.3,12.0534979424,0.0,0.3
-0.6,0.5904,-0.3,12.0534979424,0.0,0.3
-0.5,0.4375,-0.3,36.6,0.0,0.3
-0.5,0.4375,-0.3,36.6,0.0,0.3
-0.5,0.4375,-0.2,30.2,0.0,0.3
-0.5,0.4375,-0.2,30.2,0.0,0.3
-0.5,0.4375,-0.2,30.2,0.0,0.3
-0.4,0.2944,-0.2,102.21875,0.0,0.3
-0.4,0.2944,-0.2,102.21875,0.0,0.3
-0.4,0.2944,-0.1,77.8046875,0.0,0.3
-0.4,0.2944,-0.1,77.8046875,0.0,0.3
-0.4,0.2944,-0.1,77.8046875,0.0,0.3
-0.3,0.1719,-0.1,320.421124829,0.0,0.3
-1.0,1.0,-1.0,0.6,0.0,0.4
-1.0,1.0,-1.0,0.6,0.0,0.4
-1.0,1.0,-0.9,0.5,0.0,0.4
-1.0,1.0,-0.9,0.5,0.0,0.4
-1.0,1.0,-0.9,0.5,0.0,0.4
-0.9,0.9639,-1.0,1.36933921169,0.0,0.4
-0.9,0.9639,-0.9,1.18117156937,0.0,0.4
-0.9,0.9639,-0.9,1.18117156937,0.0,0.4
-0.9,0.9639,-0.9,1.18117156937,0.0,0.4
-0.8,0.8704,-0.9,3.16174316406,0.0,0.4
-0.8,0.8704,-0.8,2.7802734375,0.0,0.4
-0.8,0.8704,-0.8,2.7802734375,0.0,0.4
-0.8,0.8704,-0.7,2.39880371094,0.0,0.4
-0.8,0.8704,-0.7,2.39880371094,0.0,0.4
-0.8,0.8704,-0.7,2.39880371094,0.0,0.4
-0.7,0.7399,-0.7,6.81983697269,0.0,0.4
-0.7,0.7399,-0.7,6.81983697269,0.0,0.4
-0.7,0.7399,-0.6,5.96985099746,0.0,0.4
-0.7,0.7399,-0.6,5.96985099746,0.0,0.4
-0.7,0.7399,-0.5,5.11986502223,0.0,0.4
-0.7,0.7399,-0.5,5.11986502223,0.0,0.4
-0.7,0.7399,-0.5,5.11986502223,0.0,0.4
-0.7,0.7399,-0.5,5.11986502223,0.0,0.4
-0.6,0.5904,-0.5,15.0541838134,0.0,0.4
-0.6,0.5904,-0.4,12.9108367627,0.0,0.4
-0.6,0.5904,-0.4,12.9108367627,0.0,0.4
-0.6,0.5904,-0.4,12.9108367627,0.0,0.4
-0.5,0.4375,-0.3,33.4,0.0,0.4
-0.5,0.4375,-0.3,33.4,0.0,0.4
-0.5,0.4375,-0.2,27.0,0.0,0.4
-0.5,0.4375,-0.2,27.0,0.0,0.4
-0.5,0.4375,-0.2,27.0,0.0,0.4
-0.4,0.2944,-0.2,92.453125,0.0,0.4
-0.4,0.2944,-0.2,92.453125,0.0,0.4
-0.4,0.2944,-0.1,68.0390625,0.0,0.4
-0.4,0.2944,-0.1,68.0390625,0.0,0.4
-0.4,0.2944,-0.1,68.0390625,0.0,0.4
-0.3,0.1719,-0.1,279.268861454,0.0,0.4
-1.0,1.0,-1.0,0.5,0.0,0.5
-1.0,1.0,-1.0,0.5,0.0,0.5
-1.0,1.0,-0.9,0.4,0.0,0.5
-1.0,1.0,-0.9,0.4,0.0,0.5
-1.0,1.0,-0.9,0.4,0.0,0.5
-0.9,0.9639,-1.0,1.19998833361,0.0,0.5
-0.9,0.9639,-0.9,1.01182069129,0.0,0.5
-0.9,0.9639,-0.9,1.01182069129,0.0,0.5
-0.9,0.9639,-0.9,1.01182069129,0.0,0.5
-0.8,0.8704,-0.9,2.85656738281,0.0,0.5
-0.8,0.8704,-0.8,2.47509765625,0.0,0.5
-0.8,0.8704,-0.8,2.47509765625,0.0,0.5
-0.8,0.8704,-0.7,2.09362792969,0.0,0.5
-0.8,0.8704,-0.7,2.09362792969,0.0,0.5
-0.8,0.8704,-0.7,2.09362792969,0.0,0.5
-0.8,0.8704,-0.7,2.09362792969,0.0,0.5
-0.7,0.7399,-0.7,6.22484679003,0.0,0.5
-0.7,0.7399,-0.7,6.22484679003,0.0,0.5
-0.7,0.7399,-0.6,5.3748608148,0.0,0.5
-0.7,0.7399,-0.6,5.3748608148,0.0,0.5
-0.7,0.7399,-0.5,4.52487483957,0.0,0.5
-0.7,0.7399,-0.5,4.52487483957,0.0,0.5
-0.7,0.7399,-0.5,4.52487483957,0.0,0.5
-0.7,0.7399,-0.5,4.52487483957,0.0,0.5
-0.6,0.5904,-0.5,13.768175583,0.0,0.5
-0.6,0.5904,-0.4,11.6248285322,0.0,0.5
-0.6,0.5904,-0.4,11.6248285322,0.0,0.5
-0.6,0.5904,-0.4,11.6248285322,0.0,0.5
-0.5,0.4375,-0.3,30.2,0.0,0.5
-0.5,0.4375,-0.3,30.2,0.0,0.5
-0.5,0.4375,-0.2,23.8,0.0,0.5
-0.5,0.4375,-0.2,23.8,0.0,0.5
-0.5,0.4375,-0.2,23.8,0.0,0.5
-0.4,0.2944,-0.2,82.6875,0.0,0.5
-0.4,0.2944,-0.2,82.6875,0.0,0.5
-0.3,0.1719,-0.1,238.11659808,0.0,0.5
-1.0,1.0,-1.0,0.4,0.0,0.6
-1.0,1.0,-1.0,0.4,0.0,0.6
-0.9,0.9639,-1.0,1.03063745552,0.0,0.6
-0.9,0.9639,-1.0,1.03063745552,0.0,0.6
-0.9,0.9639,-0.9,0.842469813206,0.0,0.6
-0.9,0.9639,-0.9,0.842469813206,0.0,0.6
-0.9,0.9639,-0.9,0.842469813206,0.0,0.6
-0.8,0.8704,-0.9,2.55139160156,0.0,0.6
-0.8,0.8704,-0.9,2.55139160156,0.0,0.6
-0.8,0.8704,-0.8,2.169921875,0.0,0.6
-0.8,0.8704,-0.8,2.169921875,0.0,0.6
-0.8,0.8704,-0.7,1.78845214844,0.0,0.6
-0.8,0.8704,-0.7,1.78845214844,0.0,0.6
-0.8,0.8704,-0.7,1.78845214844,0.0,0.6
-0.8,0.8704,-0.7,1.78845214844,0.0,0.6
-0.7,0.7399,-0.7,5.62985660737,0.0,0.6
-0.7,0.7399,-0.7,5.62985660737,0.0,0.6
-0.7,0.7399,-0.6,4.77987063213,0.0,0.6
-0.7,0.7399,-0.6,4.77987063213,0.0,0.6
-0.7,0.7399,-0.6,4.77987063213,0.0,0.6
-0.6,0.5904,-0.5,12.4821673525,0.0,0.6
-0.6,0.5904,-0.4,10.3388203018,0.0,0.6
-0.6,0.5904,-0.4,10.3388203018,0.0,0.6
-0.6,0.5904,-0.4,10.3388203018,0.0,0.6
-0.5,0.4375,-0.3,27.0,0.0,0.6
-0.5,0.4375,-0.3,27.0,0.0,0.6
-0.5,0.4375,-0.2,20.6,0.0,0.6
-0.5,0.4375,-0.2,20.6,0.0,0.6
-0.5,0.4375,-0.2,20.6,0.0,0.6
-0.4,0.2944,-0.2,72.921875,0.0,0.6
-0.4,0.2944,-0.2,72.921875,0.0,0.6
-0.3,0.1719,-0.1,196.964334705,0.0,0.6
-1.0,1.0,-1.0,0.3,0.0,0.7
-1.0,1.0,-1.0,0.3,0.0,0.7
-0.9,0.9639,-1.0,0.861286577438,0.0,0.7
-0.9,0.9639,-1.0,0.861286577438,0.0,0.7
-0.9,0.9639,-0.9,0.673118935122,0.0,0.7
-0.9,0.9639,-0.9,0.673118935122,0.0,0.7
-0.9,0.9639,-0.9,0.673118935122,0.0,0.7
-0.8,0.8704,-0.9,2.24621582031,0.0,0.7
-0.8,0.8704,-0.9,2.24621582031,0.0,0.7
-0.8,0.8704,-0.8,1.86474609375,0.0,0.7
-0.8,0.8704,-0.8,1.86474609375,0.0,0.7
-0.7,0.7399,-0.7,5.0348664247,0.0,0.7
-0.7,0.7399,-0.7,5.0348664247,0.0,0.7
-0.7,0.7399,-0.6,4.18488044947,0.0,0.7
-0.7,0.7399,-0.6,4.18488044947,0.0,0.7
-0.7,0.7399,-0.6,4.18488044947,0.0,0.7
-0.6,0.5904,-0.5,11.1961591221,0.0,0.7
-0.6,0.5904,-0.4,9.05281207133,0.0,0.7
-0.6,0.5904,-0.4,9.05281207133,0.0,0.7
-0.6,0.5904,-0.4,9.05281207133,0.0,0.7
-0.5,0.4375,-0.3,23.8,0.0,0.7
-0.5,0.4375,-0.3,23.8,0.0,0.7
-0.4,0.2944,-0.2,63.15625,0.0,0.7
-0.4,0.2944,-0.2,63.15625,0.0,0.7
-0.3,0.1719,-0.1,155.812071331,0.0,0.7
-1.0,1.0,-1.0,0.2,0.0,0.8
-1.0,1.0,-1.0,0.2,0.0,0.8
-0.9,0.9639,-1.0,0.691935699353,0.0,0.8
-0.9,0.9639,-1.0,0.691935699353,0.0,0.8
-0.9,0.9639,-0.9,0.503768057037,0.0,0.8
-0.9,0.9639,-0.9,0.503768057037,0.0,0.8
-0.9,0.9639,-0.9,0.503768057037,0.0,0.8
-0.8,0.8704,-0.9,1.94104003906,0.0,0.8
-0.8,0.8704,-0.9,1.94104003906,0.0,0.8
-0.8,0.8704,-0.8,1.5595703125,0.0,0.8
-0.8,0.8704,-0.8,1.5595703125,0.0,0.8
-0.8,0.8704,-0.8,1.5595703125,0.0,0.8
-0.7,0.7399,-0.7,4.43987624204,0.0,0.8
-0.7,0.7399,-0.7,4.43987624204,0.0,0.8
-0.7,0.7399,-0.6,3.58989026681,0.0,0.8
-0.7,0.7399,-0.6,3.58989026681,0.0,0.8
-0.7,0.7399,-0.6,3.58989026681,0.0,0.8
-0.6,0.5904,-0.5,9.91015089163,0.0,0.8
-0.6,0.5904,-0.5,9.91015089163,0.0,0.8
-0.6,0.5904,-0.4,7.76680384088,0.0,0.8
-0.6,0.5904,-0.4,7.76680384088,0.0,0.8
-0.6,0.5904,-0.4,7.76680384088,0.0,0.8
-0.5,0.4375,-0.3,20.6,0.0,0.8
-0.5,0.4375,-0.3,20.6,0.0,0.8
-0.4,0.2944,-0.2,53.390625,0.0,0.8
-0.4,0.2944,-0.2,53.390625,0.0,0.8
-0.3,0.1719,-0.1,114.659807956,0.0,0.8
-1.0,1.0,-1.0,0.1,0.0,0.9
-1.0,1.0,-1.0,0.1,0.0,0.9
-0.9,0.9639,-1.0,0.522584821269,0.0,0.9
-0.9,0.9639,-1.0,0.522584821269,0.0,0.9
-0.8,0.8704,-0.9,1.63586425781,0.0,0.9
-0.8,0.8704,-0.9,1.63586425781,0.0,0.9
-0.8,0.8704,-0.8,1.25439453125,0.0,0.9
-0.8,0.8704,-0.8,1.25439453125,0.0,0.9
-0.8,0.8704,-0.8,1.25439453125,0.0,0.9
-0.7,0.7399,-0.7,3.84488605938,0.0,0.9
-0.7,0.7399,-0.7,3.84488605938,0.0,0.9
-0.7,0.7399,-0.6,2.99490008415,0.0,0.9
-0.7,0.7399,-0.6,2.99490008415,0.0,0.9
-0.7,0.7399,-0.6,2.99490008415,0.0,0.9
-0.6,0.5904,-0.5,8.62414266118,0.0,0.9
-0.6,0.5904,-0.5,8.62414266118,0.0,0.9
-0.6,0.5904,-0.4,6.48079561043,0.0,0.9
-0.6,0.5904,-0.4,6.48079561043,0.0,0.9
-0.6,0.5904,-0.4,6.48079561043,0.0,0.9
-0.5,0.4375,-0.3,17.4,0.0,0.9
-0.5,0.4375,-0.3,17.4,0.0,0.9
-0.4,0.2944,-0.2,43.625,0.0,0.9
-0.4,0.2944,-0.2,43.625,0.0,0.9
-0.3,0.1719,-0.1,73.5075445816,0.0,0.9
-0.3,0.1719,-0.1,73.5075445816,0.0,0.9
-1.0,1.0,-1.0,0.0,0.0,1.0
-1.0,1.0,-1.0,0.0,0.0,1.0
-1.0,1.0,-1.0,0.0,0.0,1.0
-0.9,0.9639,-1.0,0.353233943185,0.0,1.0
-0.9,0.9639,-1.0,0.353233943185,0.0,1.0
-0.8,0.8704,-0.9,1.33068847656,0.0,1.0
-0.8,0.8704,-0.9,1.33068847656,0.0,1.0
-0.8,0.8704,-0.8,0.94921875,0.0,1.0
-0.8,0.8704,-0.8,0.94921875,0.0,1.0
-0.8,0.8704,-0.8,0.94921875,0.0,1.0
-0.7,0.7399,-0.7,3.24989587672,0.0,1.0
-0.7,0.7399,-0.7,3.24989587672,0.0,1.0
-0.7,0.7399,-0.7,3.24989587672,0.0,1.0
-0.7,0.7399,-0.6,2.39990990149,0.0,1.0
-0.7,0.7399,-0.6,2.39990990149,0.0,1.0
-0.7,0.7399,-0.6,2.39990990149,0.0,1.0
-0.6,0.5904,-0.5,7.33813443073,0.0,1.0
-0.6,0.5904,-0.5,7.33813443073,0.0,1.0
-0.6,0.5904,-0.4,5.19478737997,0.0,1.0
-0.6,0.5904,-0.4,5.19478737997,0.0,1.0
-0.6,0.5904,-0.4,5.19478737997,0.0,1.0
-0.5,0.4375,-0.4,20.6,0.0,1.0
-0.5,0.4375,-0.3,14.2,0.0,1.0
-0.5,0.4375,-0.3,14.2,0.0,1.0
-0.4,0.2944,-0.2,33.859375,0.0,1.0
-0.4,0.2944,-0.2,33.859375,0.0,1.0
-0.3,0.1719,-0.1,32.3552812071,0.0,1.0
-0.3,0.1719,-0.1,32.3552812071,0.0,1.0
-1.0,1.0,-1.0,-0.1,0.0,1.1
-1.0,1.0,-1.0,-0.1,0.0,1.1
-1.0,1.0,-1.0,-0.1,0.0,1.1
-0.9,0.9639,-1.0,0.1838830651,0.0,1.1
-0.9,0.9639,-1.0,0.1838830651,0.0,1.1
-0.9,0.9639,-1.0,0.1838830651,0.0,1.1
-0.8,0.8704,-0.9,1.02551269531,0.0,1.1
-0.8,0.8704,-0.9,1.02551269531,0.0,1.1
-0.8,0.8704,-0.8,0.64404296875,0.0,1.1
-0.8,0.8704,-0.8,0.64404296875,0.0,1.1
-0.8,0.8704,-0.8,0.64404296875,0.0,1.1
-0.7,0.7399,-0.8,3.50489166929,0.0,1.1
-0.7,0.7399,-0.7,2.65490569406,0.0,1.1
-0.7,0.7399,-0.7,2.65490569406,0.0,1.1
-0.7,0.7399,-0.7,2.65490569406,0.0,1.1
-0.7,0.7399,-0.6,1.80491971882,0.0,1.1
-0.7,0.7399,-0.6,1.80491971882,0.0,1.1
-0.7,0.7399,-0.6,1.80491971882,0.0,1.1
-0.6,0.5904,-0.5,6.05212620027,0.0,1.1
-0.6,0.5904,-0.5,6.05212620027,0.0,1.1
-0.5,0.4375,-0.4,17.4,0.0,1.1
-0.5,0.4375,-0.4,17.4,0.0,1.1
-0.5,0.4375,-0.3,11.0,0.0,1.1
-0.5,0.4375,-0.3,11.0,0.0,1.1
-0.4,0.2944,-0.2,24.09375,0.0,1.1
-0.4,0.2944,-0.2,24.09375,0.0,1.1
-0.4,0.2944,-0.2,24.09375,0.0,1.1
-0.9,0.9639,-1.0,0.0145321870161,0.0,1.2
-0.9,0.9639,-1.0,0.0145321870161,0.0,1.2
-0.9,0.9639,-1.0,0.0145321870161,0.0,1.2
-0.8,0.8704,-1.0,1.10180664062,0.0,1.2
-0.8,0.8704,-0.9,0.720336914062,0.0,1.2
-0.8,0.8704,-0.9,0.720336914062,0.0,1.2
-0.8,0.8704,-0.9,0.720336914062,0.0,1.2
-0.7,0.7399,-0.8,2.90990148663,0.0,1.2
-0.7,0.7399,-0.7,2.05991551139,0.0,1.2
-0.7,0.7399,-0.7,2.05991551139,0.0,1.2
-0.7,0.7399,-0.7,2.05991551139,0.0,1.2
-0.6,0.5904,-0.6,6.90946502058,0.0,1.2
-0.6,0.5904,-0.5,4.76611796982,0.0,1.2
-0.6,0.5904,-0.5,4.76611796982,0.0,1.2
-0.5,0.4375,-0.4,14.2,0.0,1.2
-0.5,0.4375,-0.4,14.2,0.0,1.2
-0.5,0.4375,-0.3,7.8,0.0,1.2
-0.5,0.4375,-0.3,7.8,0.0,1.2
-0.5,0.4375,-0.3,7.8,0.0,1.2
-0.4,0.2944,-0.2,14.328125,0.0,1.2
-0.4,0.2944,-0.2,14.328125,0.0,1.2
-0.4,0.2944,-0.2,14.328125,0.0,1.2
-0.9,0.9639,-1.0,-0.154818691068,0.0,1.3
-0.9,0.9639,-1.0,-0.154818691068,0.0,1.3
-0.9,0.9639,-1.0,-0.154818691068,0.0,1.3
-0.9,0.9639,-1.0,-0.154818691068,0.0,1.3
-0.8,0.8704,-1.0,0.796630859375,0.0,1.3
-0.8,0.8704,-0.9,0.415161132812,0.0,1.3
-0.8,0.8704,-0.9,0.415161132812,0.0,1.3
-0.8,0.8704,-0.9,0.415161132812,0.0,1.3
-0.7,0.7399,-0.8,2.31491130396,0.0,1.3
-0.7,0.7399,-0.7,1.46492532873,0.0,1.3
-0.7,0.7399,-0.7,1.46492532873,0.0,1.3
-0.7,0.7399,-0.7,1.46492532873,0.0,1.3
-0.6,0.5904,-0.6,5.62345679012,0.0,1.3
-0.6,0.5904,-0.5,3.48010973937,0.0,1.3
-0.6,0.5904,-0.5,3.48010973937,0.0,1.3
-0.5,0.4375,-0.4,11.0,0.0,1.3
-0.5,0.4375,-0.4,11.0,0.0,1.3
-0.5,0.4375,-0.3,4.6,0.0,1.3
-0.5,0.4375,-0.3,4.6,0.0,1.3
-0.5,0.4375,-0.3,4.6,0.0,1.3
-0.4,0.2944,-0.2,4.5625,0.0,1.3
-0.4,0.2944,-0.2,4.5625,0.0,1.3
-0.4,0.2944,-0.2,4.5625,0.0,1.3
-0.8,0.8704,-1.0,0.491455078125,0.0,1.4
-0.8,0.8704,-0.9,0.109985351562,0.0,1.4
-0.8,0.8704,-0.9,0.109985351562,0.0,1.4
-0.8,0.8704,-0.9,0.109985351562,0.0,1.4
-0.7,0.7399,-0.8,1.7199211213,0.0,1.4
-0.7,0.7399,-0.7,0.86993514607,0.0,1.4
-0.7,0.7399,-0.7,0.86993514607,0.0,1.4
-0.7,0.7399,-0.7,0.86993514607,0.0,1.4
-0.6,0.5904,-0.6,4.33744855967,0.0,1.4
-0.6,0.5904,-0.6,4.33744855967,0.0,1.4
-0.6,0.5904,-0.5,2.19410150892,0.0,1.4
-0.6,0.5904,-0.5,2.19410150892,0.0,1.4
-0.6,0.5904,-0.5,2.19410150892,0.0,1.4
-0.5,0.4375,-0.4,7.8,0.0,1.4
-0.5,0.4375,-0.4,7.8,0.0,1.4
-0.8,0.8704,-1.0,0.186279296875,0.0,1.5
-0.8,0.8704,-0.9,-0.195190429688,0.0,1.5
-0.8,0.8704,-0.9,-0.195190429688,0.0,1.5
-0.8,0.8704,-0.9,-0.195190429688,0.0,1.5
-0.7,0.7399,-0.8,1.12493093864,0.0,1.5
-0.7,0.7399,-0.8,1.12493093864,0.0,1.5
-0.7,0.7399,-0.7,0.274944963408,0.0,1.5
-0.7,0.7399,-0.7,0.274944963408,0.0,1.5
-0.7,0.7399,-0.7,0.274944963408,0.0,1.5
-0.6,0.5904,-0.6,3.05144032922,0.0,1.5
-0.6,0.5904,-0.6,3.05144032922,0.0,1.5
-0.6,0.5904,-0.5,0.908093278464,0.0,1.5
-0.6,0.5904,-0.5,0.908093278464,0.0,1.5
-0.6,0.5904,-0.5,0.908093278464,0.0,1.5
-0.6,0.5904,-0.5,0.908093278464,0.0,1.5
-0.5,0.4375,-0.4,4.6,0.0,1.5
-0.5,0.4375,-0.4,4.6,0.0,1.5
-0.4,0.2944,-0.3,9.4453125,0.0,1.5
-0.8,0.8704,-1.0,-0.118896484375,0.0,1.6
-0.8,0.8704,-1.0,-0.118896484375,0.0,1.6
-0.7,0.7399,-0.8,0.529940755978,0.0,1.6
-0.7,0.7399,-0.8,0.529940755978,0.0,1.6
-0.6,0.5904,-0.6,1.76543209877,0.0,1.6
-0.6,0.5904,-0.6,1.76543209877,0.0,1.6
-0.5,0.4375,-0.4,1.4,0.0,1.6
-0.5,0.4375,-0.4,1.4,0.0,1.6
-0.5,0.4375,-0.4,1.4,0.0,1.6
-0.4,0.2944,-0.3,-0.3203125,0.0,1.6
-0.4,0.2944,-0.3,-0.3203125,0.0,1.6
-0.7,0.7399,-0.8,-0.0650494266845,0.0,1.7
-0.7,0.7399,-0.8,-0.0650494266845,0.0,1.7
-0.6,0.5904,-0.6,0.479423868313,0.0,1.7
-0.6,0.5904,-0.6,0.479423868313,0.0,1.7
-1.0,0.9,-0.8,0.7,0.1,0.1
-1.0,0.9,-0.8,0.7,0.1,0.1
-1.0,0.9,-0.7,0.6,0.1,0.1
-1.0,0.9,-0.7,0.6,0.1,0.1
-1.0,0.9,-0.7,0.6,0.1,0.1
-0.9,0.8739,-0.8,1.4045265608,0.1,0.1
-0.9,0.8739,-0.8,1.4045265608,0.1,0.1
-0.9,0.8739,-0.7,1.21635891849,0.1,0.1
-0.9,0.8739,-0.7,1.21635891849,0.1,0.1
-0.9,0.8739,-0.7,1.21635891849,0.1,0.1
-0.8,0.7904,-0.7,2.98474121094,0.1,0.1
-0.8,0.7904,-0.7,2.98474121094,0.1,0.1
-0.8,0.7904,-0.6,2.60327148437,0.1,0.1
-0.8,0.7904,-0.6,2.60327148437,0.1,0.1
-0.8,0.7904,-0.6,2.60327148437,0.1,0.1
-0.7,0.6699,-0.5,5.99450059074,0.1,0.1
-0.7,0.6699,-0.5,5.99450059074,0.1,0.1
-0.7,0.6699,-0.4,5.14451461551,0.1,0.1
-0.7,0.6699,-0.4,5.14451461551,0.1,0.1
-0.7,0.6699,-0.4,5.14451461551,0.1,0.1
-0.7,0.6699,-0.4,5.14451461551,0.1,0.1
-0.6,0.5304,-0.4,14.2997256516,0.1,0.1
-0.6,0.5304,-0.4,14.2997256516,0.1,0.1
-0.6,0.5304,-0.3,12.1563786008,0.1,0.1
-0.6,0.5304,-0.3,12.1563786008,0.1,0.1
-0.6,0.5304,-0.3,12.1563786008,0.1,0.1
-0.5,0.3875,-0.3,35.8,0.1,0.1
-0.5,0.3875,-0.2,29.4,0.1,0.1
-0.5,0.3875,-0.2,29.4,0.1,0.1
-0.5,0.3875,-0.2,29.4,0.1,0.1
-0.4,0.2544,-0.1,72.7265625,0.1,0.1
-0.4,0.2544,-0.1,72.7265625,0.1,0.1
-1.0,0.9,-0.8,0.6,0.1,0.2
-1.0,0.9,-0.8,0.6,0.1,0.2
-1.0,0.9,-0.7,0.5,0.1,0.2
-1.0,0.9,-0.7,0.5,0.1,0.2
-1.0,0.9,-0.7,0.5,0.1,0.2
-0.9,0.8739,-0.8,1.23517568272,0.1,0.2
-0.9,0.8739,-0.8,1.23517568272,0.1,0.2
-0.9,0.8739,-0.7,1.0470080404,0.1,0.2
-0.9,0.8739,-0.7,1.0470080404,0.1,0.2
-0.9,0.8739,-0.7,1.0470080404,0.1,0.2
-0.8,0.7904,-0.7,2.67956542969,0.1,0.2
-0.8,0.7904,-0.7,2.67956542969,0.1,0.2
-0.8,0.7904,-0.6,2.29809570312,0.1,0.2
-0.8,0.7904,-0.6,2.29809570312,0.1,0.2
-0.8,0.7904,-0.6,2.29809570312,0.1,0.2
-0.7,0.6699,-0.6,6.24949638331,0.1,0.2
-0.7,0.6699,-0.5,5.39951040808,0.1,0.2
-0.7,0.6699,-0.5,5.39951040808,0.1,0.2
-0.7,0.6699,-0.4,4.54952443285,0.1,0.2
-0.7,0.6699,-0.4,4.54952443285,0.1,0.2
-0.7,0.6699,-0.4,4.54952443285,0.1,0.2
-0.7,0.6699,-0.4,4.54952443285,0.1,0.2
-0.6,0.5304,-0.4,13.0137174211,0.1,0.2
-0.6,0.5304,-0.4,13.0137174211,0.1,0.2
-0.6,0.5304,-0.3,10.8703703704,0.1,0.2
-0.6,0.5304,-0.3,10.8703703704,0.1,0.2
-0.6,0.5304,-0.3,10.8703703704,0.1,0.2
-0.5,0.3875,-0.3,32.6,0.1,0.2
-0.5,0.3875,-0.2,26.2,0.1,0.2
-0.5,0.3875,-0.2,26.2,0.1,0.2
-0.5,0.3875,-0.2,26.2,0.1,0.2
-0.4,0.2544,-0.1,62.9609375,0.1,0.2
-0.4,0.2544,-0.1,62.9609375,0.1,0.2
-1.0,0.9,-0.8,0.5,0.1,0.3
-1.0,0.9,-0.8,0.5,0.1,0.3
-0.9,0.8739,-0.8,1.06582480463,0.1,0.3
-0.9,0.8739,-0.8,1.06582480463,0.1,0.3
-0.9,0.8739,-0.7,0.877657162319,0.1,0.3
-0.9,0.8739,-0.7,0.877657162319,0.1,0.3
-0.9,0.8739,-0.7,0.877657162319,0.1,0.3
-0.8,0.7904,-0.7,2.37438964844,0.1,0.3
-0.8,0.7904,-0.7,2.37438964844,0.1,0.3
-0.8,0.7904,-0.6,1.99291992187,0.1,0.3
-0.8,0.7904,-0.6,1.99291992187,0.1,0.3
-0.8,0.7904,-0.6,1.99291992187,0.1,0.3
-0.7,0.6699,-0.6,5.65450620065,0.1,0.3
-0.7,0.6699,-0.6,5.65450620065,0.1,0.3
-0.7,0.6699,-0.5,4.80452022542,0.1,0.3
-0.7,0.6699,-0.5,4.80452022542,0.1,0.3
-0.6,0.5304,-0.4,11.7277091907,0.1,0.3
-0.6,0.5304,-0.4,11.7277091907,0.1,0.3
-0.6,0.5304,-0.3,9.58436213992,0.1,0.3
-0.6,0.5304,-0.3,9.58436213992,0.1,0.3
-0.6,0.5304,-0.3,9.58436213992,0.1,0.3
-0.5,0.3875,-0.3,29.4,0.1,0.3
-0.5,0.3875,-0.2,23.0,0.1,0.3
-0.5,0.3875,-0.2,23.0,0.1,0.3
-0.5,0.3875,-0.2,23.0,0.1,0.3
-0.4,0.2544,-0.1,53.1953125,0.1,0.3
-0.4,0.2544,-0.1,53.1953125,0.1,0.3
-0.3,0.1419,-0.1,208.075445816,0.1,0.3
-1.0,0.9,-0.8,0.4,0.1,0.4
-1.0,0.9,-0.8,0.4,0.1,0.4
-0.9,0.8739,-0.8,0.896473926551,0.1,0.4
-0.9,0.8739,-0.8,0.896473926551,0.1,0.4
-0.9,0.8739,-0.7,0.708306284235,0.1,0.4
-0.9,0.8739,-0.7,0.708306284235,0.1,0.4
-0.9,0.8739,-0.7,0.708306284235,0.1,0.4
-0.8,0.7904,-0.7,2.06921386719,0.1,0.4
-0.8,0.7904,-0.7,2.06921386719,0.1,0.4
-0.8,0.7904,-0.6,1.68774414062,0.1,0.4
-0.8,0.7904,-0.6,1.68774414062,0.1,0.4
-0.8,0.7904,-0.6,1.68774414062,0.1,0.4
-0.7,0.6699,-0.6,5.05951601799,0.1,0.4
-0.7,0.6699,-0.6,5.05951601799,0.1,0.4
-0.7,0.6699,-0.5,4.20953004275,0.1,0.4
-0.7,0.6699,-0.5,4.20953004275,0.1,0.4
-0.6,0.5304,-0.4,10.4417009602,0.1,0.4
-0.6,0.5304,-0.4,10.4417009602,0.1,0.4
-0.6,0.5304,-0.3,8.29835390947,0.1,0.4
-0.6,0.5304,-0.3,8.29835390947,0.1,0.4
-0.6,0.5304,-0.3,8.29835390947,0.1,0.4
-0.5,0.3875,-0.3,26.2,0.1,0.4
-0.5,0.3875,-0.2,19.8,0.1,0.4
-0.5,0.3875,-0.2,19.8,0.1,0.4
-0.5,0.3875,-0.2,19.8,0.1,0.4
-0.4,0.2544,-0.1,43.4296875,0.1,0.4
-0.4,0.2544,-0.1,43.4296875,0.1,0.4
-0.3,0.1419,-0.1,166.923182442,0.1,0.4
-1.0,0.9,-0.9,0.4,0.1,0.5
-1.0,0.9,-0.8,0.3,0.1,0.5
-1.0,0.9,-0.8,0.3,0.1,0.5
-0.9,0.8739,-0.9,0.915290690782,0.1,0.5
-0.9,0.8739,-0.8,0.727123048466,0.1,0.5
-0.9,0.8739,-0.8,0.727123048466,0.1,0.5
-0.9,0.8739,-0.8,0.727123048466,0.1,0.5
-0.8,0.7904,-0.7,1.76403808594,0.1,0.5
-0.8,0.7904,-0.7,1.76403808594,0.1,0.5
-0.8,0.7904,-0.6,1.38256835937,0.1,0.5
-0.8,0.7904,-0.6,1.38256835937,0.1,0.5
-0.8,0.7904,-0.6,1.38256835937,0.1,0.5
-0.8,0.7904,-0.6,1.38256835937,0.1,0.5
-0.7,0.6699,-0.6,4.46452583532,0.1,0.5
-0.7,0.6699,-0.6,4.46452583532,0.1,0.5
-0.7,0.6699,-0.5,3.61453986009,0.1,0.5
-0.7,0.6699,-0.5,3.61453986009,0.1,0.5
-0.7,0.6699,-0.5,3.61453986009,0.1,0.5
-0.6,0.5304,-0.4,9.15569272977,0.1,0.5
-0.6,0.5304,-0.4,9.15569272977,0.1,0.5
-0.6,0.5304,-0.3,7.01234567901,0.1,0.5
-0.6,0.5304,-0.3,7.01234567901,0.1,0.5
-0.6,0.5304,-0.3,7.01234567901,0.1,0.5
-0.5,0.3875,-0.3,23.0,0.1,0.5
-0.5,0.3875,-0.2,16.6,0.1,0.5
-0.5,0.3875,-0.2,16.6,0.1,0.5
-0.5,0.3875,-0.2,16.6,0.1,0.5
-0.4,0.2544,-0.1,33.6640625,0.1,0.5
-0.4,0.2544,-0.1,33.6640625,0.1,0.5
-0.3,0.1419,-0.1,125.770919067,0.1,0.5
-1.0,0.9,-0.9,0.3,0.1,0.6
-1.0,0.9,-0.8,0.2,0.1,0.6
-1.0,0.9,-0.8,0.2,0.1,0.6
-0.9,0.8739,-0.9,0.745939812698,0.1,0.6
-0.9,0.8739,-0.8,0.557772170382,0.1,0.6
-0.9,0.8739,-0.8,0.557772170382,0.1,0.6
-0.9,0.8739,-0.8,0.557772170382,0.1,0.6
-0.8,0.7904,-0.7,1.45886230469,0.1,0.6
-0.8,0.7904,-0.7,1.45886230469,0.1,0.6
-0.7,0.6699,-0.6,3.86953565266,0.1,0.6
-0.7,0.6699,-0.6,3.86953565266,0.1,0.6
-0.7,0.6699,-0.5,3.01954967743,0.1,0.6
-0.7,0.6699,-0.5,3.01954967743,0.1,0.6
-0.7,0.6699,-0.5,3.01954967743,0.1,0.6
-0.6,0.5304,-0.4,7.86968449931,0.1,0.6
-0.6,0.5304,-0.4,7.86968449931,0.1,0.6
-0.6,0.5304,-0.4,7.86968449931,0.1,0.6
-0.5,0.3875,-0.3,19.8,0.1,0.6
-0.5,0.3875,-0.3,19.8,0.1,0.6
-0.5,0.3875,-0.2,13.4,0.1,0.6
-0.5,0.3875,-0.2,13.4,0.1,0.6
-0.5,0.3875,-0.2,13.4,0.1,0.6
-0.3,0.1419,-0.1,84.6186556927,0.1,0.6
-1.0,0.9,-0.9,0.2,0.1,0.7
-1.0,0.9,-0.8,0.1,0.1,0.7
-1.0,0.9,-0.8,0.1,0.1,0.7
-0.9,0.8739,-0.9,0.576588934614,0.1,0.7
-0.9,0.8739,-0.8,0.388421292298,0.1,0.7
-0.9,0.8739,-0.8,0.388421292298,0.1,0.7
-0.9,0.8739,-0.8,0.388421292298,0.1,0.7
-0.8,0.7904,-0.8,1.53515625,0.1,0.7
-0.8,0.7904,-0.8,1.53515625,0.1,0.7
-0.8,0.7904,-0.7,1.15368652344,0.1,0.7
-0.8,0.7904,-0.7,1.15368652344,0.1,0.7
-0.7,0.6699,-0.6,3.27454547,0.1,0.7
-0.7,0.6699,-0.6,3.27454547,0.1,0.7
-0.7,0.6699,-0.5,2.42455949477,0.1,0.7
-0.7,0.6699,-0.5,2.42455949477,0.1,0.7
-0.7,0.6699,-0.5,2.42455949477,0.1,0.7
-0.6,0.5304,-0.4,6.58367626886,0.1,0.7
-0.6,0.5304,-0.4,6.58367626886,0.1,0.7
-0.6,0.5304,-0.4,6.58367626886,0.1,0.7
-0.5,0.3875,-0.3,16.6,0.1,0.7
-0.5,0.3875,-0.3,16.6,0.1,0.7
-0.5,0.3875,-0.2,10.2,0.1,0.7
-0.5,0.3875,-0.2,10.2,0.1,0.7
-0.5,0.3875,-0.2,10.2,0.1,0.7
-0.4,0.2544,-0.2,38.546875,0.1,0.7
-0.3,0.1419,-0.1,43.4663923182,0.1,0.7
-1.0,0.9,-0.9,0.1,0.1,0.8
-1.0,0.9,-0.9,0.1,0.1,0.8
-1.0,0.9,-0.8,0.0,0.1,0.8
-1.0,0.9,-0.8,0.0,0.1,0.8
-1.0,0.9,-0.8,0.0,0.1,0.8
-0.9,0.8739,-0.9,0.407238056529,0.1,0.8
-0.9,0.8739,-0.8,0.219070414213,0.1,0.8
-0.9,0.8739,-0.8,0.219070414213,0.1,0.8
-0.9,0.8739,-0.8,0.219070414213,0.1,0.8
-0.8,0.7904,-0.8,1.22998046875,0.1,0.8
-0.8,0.7904,-0.8,1.22998046875,0.1,0.8
-0.8,0.7904,-0.7,0.848510742187,0.1,0.8
-0.8,0.7904,-0.7,0.848510742187,0.1,0.8
-0.7,0.6699,-0.6,2.67955528734,0.1,0.8
-0.7,0.6699,-0.6,2.67955528734,0.1,0.8
-0.7,0.6699,-0.5,1.82956931211,0.1,0.8
-0.7,0.6699,-0.5,1.82956931211,0.1,0.8
-0.7,0.6699,-0.5,1.82956931211,0.1,0.8
-0.6,0.5304,-0.5,7.44101508916,0.1,0.8
-0.6,0.5304,-0.4,5.29766803841,0.1,0.8
-0.6,0.5304,-0.4,5.29766803841,0.1,0.8
-0.6,0.5304,-0.4,5.29766803841,0.1,0.8
-0.5,0.3875,-0.3,13.4,0.1,0.8
-0.5,0.3875,-0.3,13.4,0.1,0.8
-0.4,0.2544,-0.2,28.78125,0.1,0.8
-0.3,0.1419,-0.1,2.31412894376,0.1,0.8
-0.3,0.1419,-0.1,2.31412894376,0.1,0.8
-1.0,0.9,-0.9,0.0,0.1,0.9
-1.0,0.9,-0.9,0.0,0.1,0.9
-1.0,0.9,-0.8,-0.1,0.1,0.9
-1.0,0.9,-0.8,-0.1,0.1,0.9
-1.0,0.9,-0.8,-0.1,0.1,0.9
-0.9,0.8739,-0.9,0.237887178445,0.1,0.9
-0.9,0.8739,-0.8,0.0497195361291,0.1,0.9
-0.9,0.8739,-0.8,0.0497195361291,0.1,0.9
-0.9,0.8739,-0.8,0.0497195361291,0.1,0.9
-0.8,0.7904,-0.8,0.9248046875,0.1,0.9
-0.8,0.7904,-0.8,0.9248046875,0.1,0.9
-0.8,0.7904,-0.7,0.543334960937,0.1,0.9
-0.8,0.7904,-0.7,0.543334960937,0.1,0.9
-0.8,0.7904,-0.7,0.543334960937,0.1,0.9
-0.7,0.6699,-0.6,2.08456510468,0.1,0.9
-0.7,0.6699,-0.6,2.08456510468,0.1,0.9
-0.7,0.6699,-0.6,2.08456510468,0.1,0.9
-0.6,0.5304,-0.5,6.15500685871,0.1,0.9
-0.6,0.5304,-0.4,4.01165980796,0.1,0.9
-0.6,0.5304,-0.4,4.01165980796,0.1,0.9
-0.6,0.5304,-0.4,4.01165980796,0.1,0.9
-0.5,0.3875,-0.3,10.2,0.1,0.9
-0.5,0.3875,-0.3,10.2,0.1,0.9
-0.4,0.2544,-0.2,19.015625,0.1,0.9
-1.0,0.9,-0.9,-0.1,0.1,1.0
-1.0,0.9,-0.9,-0.1,0.1,1.0
-0.9,0.8739,-0.9,0.0685363003607,0.1,1.0
-0.9,0.8739,-0.9,0.0685363003607,0.1,1.0
-0.9,0.8739,-0.8,-0.119631341955,0.1,1.0
-0.9,0.8739,-0.8,-0.119631341955,0.1,1.0
-0.9,0.8739,-0.8,-0.119631341955,0.1,1.0
-0.8,0.7904,-0.8,0.61962890625,0.1,1.0
-0.8,0.7904,-0.8,0.61962890625,0.1,1.0
-0.8,0.7904,-0.7,0.238159179687,0.1,1.0
-0.8,0.7904,-0.7,0.238159179687,0.1,1.0
-0.8,0.7904,-0.7,0.238159179687,0.1,1.0
-0.7,0.6699,-0.6,1.48957492201,0.1,1.0
-0.7,0.6699,-0.6,1.48957492201,0.1,1.0
-0.7,0.6699,-0.6,1.48957492201,0.1,1.0
-0.6,0.5304,-0.5,4.86899862826,0.1,1.0
-0.6,0.5304,-0.4,2.7256515775,0.1,1.0
-0.6,0.5304,-0.4,2.7256515775,0.1,1.0
-0.6,0.5304,-0.4,2.7256515775,0.1,1.0
-0.5,0.3875,-0.3,7.0,0.1,1.0
-0.5,0.3875,-0.3,7.0,0.1,1.0
-0.4,0.2544,-0.2,9.25,0.1,1.0
-0.9,0.8739,-0.9,-0.100814577724,0.1,1.1
-0.9,0.8739,-0.9,-0.100814577724,0.1,1.1
-0.8,0.7904,-0.8,0.314453125,0.1,1.1
-0.8,0.7904,-0.8,0.314453125,0.1,1.1
-0.7,0.6699,-0.7,1.74457071458,0.1,1.1
-0.7,0.6699,-0.6,0.894584739352,0.1,1.1
-0.7,0.6699,-0.6,0.894584739352,0.1,1.1
-0.7,0.6699,-0.6,0.894584739352,0.1,1.1
-0.6,0.5304,-0.5,3.58299039781,0.1,1.1
-0.6,0.5304,-0.5,3.58299039781,0.1,1.1
-0.6,0.5304,-0.4,1.43964334705,0.1,1.1
-0.6,0.5304,-0.4,1.43964334705,0.1,1.1
-0.6,0.5304,-0.4,1.43964334705,0.1,1.1
-0.5,0.3875,-0.3,3.8,0.1,1.1
-0.5,0.3875,-0.3,3.8,0.1,1.1
-0.8,0.7904,-0.8,0.00927734375,0.1,1.2
-0.8,0.7904,-0.8,0.00927734375,0.1,1.2
-0.7,0.6699,-0.7,1.14958053192,0.1,1.2
-0.7,0.6699,-0.6,0.29959455669,0.1,1.2
-0.7,0.6699,-0.6,0.29959455669,0.1,1.2
-0.7,0.6699,-0.6,0.29959455669,0.1,1.2
-0.6,0.5304,-0.5,2.29698216735,0.1,1.2
-0.6,0.5304,-0.5,2.29698216735,0.1,1.2
-0.6,0.5304,-0.4,0.153635116598,0.1,1.2
-0.6,0.5304,-0.4,0.153635116598,0.1,1.2
-0.6,0.5304,-0.4,0.153635116598,0.1,1.2
-0.6,0.5304,-0.4,0.153635116598,0.1,1.2
-0.5,0.3875,-0.3,0.6,0.1,1.2
-0.5,0.3875,-0.3,0.6,0.1,1.2
-0.5,0.3875,-0.3,0.6,0.1,1.2
-0.7,0.6699,-0.7,0.554590349259,0.1,1.3
-0.6,0.5304,-0.5,1.0109739369,0.1,1.3
-0.6,0.5304,-0.5,1.0109739369,0.1,1.3
-0.7,0.6699,-0.7,-0.0403998334028,0.1,1.4
-0.7,0.6699,-0.7,-0.0403998334028,0.1,1.4
-1.0,0.8,-0.7,0.6,0.2,0.1
-1.0,0.8,-0.6,0.5,0.2,0.1
-1.0,0.8,-0.6,0.5,0.2,0.1
-1.0,0.8,-0.6,0.5,0.2,0.1
-0.9,0.7839,-0.7,1.11982891798,0.2,0.1
-0.9,0.7839,-0.6,0.931661275664,0.2,0.1
-0.9,0.7839,-0.6,0.931661275664,0.2,0.1
-0.8,0.7104,-0.6,2.27368164062,0.2,0.1
-0.8,0.7104,-0.5,1.89221191406,0.2,0.1
-0.8,0.7104,-0.5,1.89221191406,0.2,0.1
-0.8,0.7104,-0.5,1.89221191406,0.2,0.1
-0.7,0.5999,-0.5,5.08416561127,0.2,0.1
-0.7,0.5999,-0.5,5.08416561127,0.2,0.1
-0.7,0.5999,-0.4,4.23417963604,0.2,0.1
-0.7,0.5999,-0.4,4.23417963604,0.2,0.1
-0.6,0.4704,-0.3,9.68724279835,0.2,0.1
-0.6,0.4704,-0.3,9.68724279835,0.2,0.1
-0.5,0.3375,-0.2,22.2,0.2,0.1
-0.4,0.2144,-0.1,48.1171875,0.2,0.1
-0.4,0.2144,-0.1,48.1171875,0.2,0.1
-1.0,0.8,-0.7,0.5,0.2,0.2
-1.0,0.8,-0.6,0.4,0.2,0.2
-1.0,0.8,-0.6,0.4,0.2,0.2
-1.0,0.8,-0.6,0.4,0.2,0.2
-0.9,0.7839,-0.7,0.950478039895,0.2,0.2
-0.9,0.7839,-0.7,0.950478039895,0.2,0.2
-0.9,0.7839,-0.6,0.762310397579,0.2,0.2
-0.9,0.7839,-0.6,0.762310397579,0.2,0.2
-0.8,0.7104,-0.6,1.96850585937,0.2,0.2
-0.8,0.7104,-0.6,1.96850585937,0.2,0.2
-0.8,0.7104,-0.5,1.58703613281,0.2,0.2
-0.8,0.7104,-0.5,1.58703613281,0.2,0.2
-0.8,0.7104,-0.5,1.58703613281,0.2,0.2
-0.7,0.5999,-0.5,4.48917542861,0.2,0.2
-0.7,0.5999,-0.5,4.48917542861,0.2,0.2
-0.7,0.5999,-0.4,3.63918945337,0.2,0.2
-0.7,0.5999,-0.4,3.63918945337,0.2,0.2
-0.6,0.4704,-0.3,8.4012345679,0.2,0.2
-0.6,0.4704,-0.3,8.4012345679,0.2,0.2
-0.5,0.3375,-0.2,19.0,0.2,0.2
-0.5,0.3375,-0.2,19.0,0.2,0.2
-0.4,0.2144,-0.1,38.3515625,0.2,0.2
-0.4,0.2144,-0.1,38.3515625,0.2,0.2
-1.0,0.8,-0.7,0.4,0.2,0.3
-1.0,0.8,-0.6,0.3,0.2,0.3
-1.0,0.8,-0.6,0.3,0.2,0.3
-1.0,0.8,-0.6,0.3,0.2,0.3
-0.9,0.7839,-0.7,0.781127161811,0.2,0.3
-0.9,0.7839,-0.7,0.781127161811,0.2,0.3
-0.9,0.7839,-0.6,0.592959519495,0.2,0.3
-0.9,0.7839,-0.6,0.592959519495,0.2,0.3
-0.9,0.7839,-0.6,0.592959519495,0.2,0.3
-0.8,0.7104,-0.6,1.66333007812,0.2,0.3
-0.8,0.7104,-0.6,1.66333007812,0.2,0.3
-0.8,0.7104,-0.5,1.28186035156,0.2,0.3
-0.8,0.7104,-0.5,1.28186035156,0.2,0.3
-0.8,0.7104,-0.5,1.28186035156,0.2,0.3
-0.7,0.5999,-0.5,3.89418524594,0.2,0.3
-0.7,0.5999,-0.5,3.89418524594,0.2,0.3
-0.7,0.5999,-0.4,3.04419927071,0.2,0.3
-0.7,0.5999,-0.4,3.04419927071,0.2,0.3
-0.6,0.4704,-0.3,7.11522633745,0.2,0.3
-0.6,0.4704,-0.3,7.11522633745,0.2,0.3
-0.6,0.4704,-0.3,7.11522633745,0.2,0.3
-0.5,0.3375,-0.2,15.8,0.2,0.3
-0.5,0.3375,-0.2,15.8,0.2,0.3
-0.4,0.2144,-0.1,28.5859375,0.2,0.3
-0.4,0.2144,-0.1,28.5859375,0.2,0.3
-1.0,0.8,-0.7,0.3,0.2,0.4
-1.0,0.8,-0.6,0.2,0.2,0.4
-1.0,0.8,-0.6,0.2,0.2,0.4
-1.0,0.8,-0.6,0.2,0.2,0.4
-0.9,0.7839,-0.7,0.611776283727,0.2,0.4
-0.9,0.7839,-0.7,0.611776283727,0.2,0.4
-0.9,0.7839,-0.6,0.423608641411,0.2,0.4
-0.9,0.7839,-0.6,0.423608641411,0.2,0.4
-0.9,0.7839,-0.6,0.423608641411,0.2,0.4
-0.8,0.7104,-0.6,1.35815429687,0.2,0.4
-0.8,0.7104,-0.6,1.35815429687,0.2,0.4
-0.8,0.7104,-0.5,0.976684570312,0.2,0.4
-0.8,0.7104,-0.5,0.976684570312,0.2,0.4
-0.8,0.7104,-0.5,0.976684570312,0.2,0.4
-0.7,0.5999,-0.5,3.29919506328,0.2,0.4
-0.7,0.5999,-0.5,3.29919506328,0.2,0.4
-0.7,0.5999,-0.4,2.44920908805,0.2,0.4
-0.7,0.5999,-0.4,2.44920908805,0.2,0.4
-0.7,0.5999,-0.4,2.44920908805,0.2,0.4
-0.6,0.4704,-0.4,7.97256515775,0.2,0.4
-0.6,0.4704,-0.3,5.829218107,0.2,0.4
-0.6,0.4704,-0.3,5.829218107,0.2,0.4
-0.6,0.4704,-0.3,5.829218107,0.2,0.4
-0.5,0.3375,-0.2,12.6,0.2,0.4
-0.5,0.3375,-0.2,12.6,0.2,0.4
-0.4,0.2144,-0.1,18.8203125,0.2,0.4
-0.4,0.2144,-0.1,18.8203125,0.2,0.4
-1.0,0.8,-0.7,0.2,0.2,0.5
-1.0,0.8,-0.6,0.1,0.2,0.5
-1.0,0.8,-0.6,0.1,0.2,0.5
-1.0,0.8,-0.6,0.1,0.2,0.5
-0.9,0.7839,-0.7,0.442425405642,0.2,0.5
-0.9,0.7839,-0.7,0.442425405642,0.2,0.5
-0.9,0.7839,-0.6,0.254257763327,0.2,0.5
-0.9,0.7839,-0.6,0.254257763327,0.2,0.5
-0.9,0.7839,-0.6,0.254257763327,0.2,0.5
-0.8,0.7104,-0.6,1.05297851562,0.2,0.5
-0.8,0.7104,-0.6,1.05297851562,0.2,0.5
-0.7,0.5999,-0.5,2.70420488062,0.2,0.5
-0.7,0.5999,-0.5,2.70420488062,0.2,0.5
-0.7,0.5999,-0.4,1.85421890539,0.2,0.5
-0.7,0.5999,-0.4,1.85421890539,0.2,0.5
-0.7,0.5999,-0.4,1.85421890539,0.2,0.5
-0.6,0.4704,-0.4,6.6865569273,0.2,0.5
-0.6,0.4704,-0.3,4.54320987654,0.2,0.5
-0.6,0.4704,-0.3,4.54320987654,0.2,0.5
-0.6,0.4704,-0.3,4.54320987654,0.2,0.5
-0.5,0.3375,-0.2,9.4,0.2,0.5
-0.5,0.3375,-0.2,9.4,0.2,0.5
-0.4,0.2144,-0.1,9.0546875,0.2,0.5
-0.4,0.2144,-0.1,9.0546875,0.2,0.5
-1.0,0.8,-0.7,0.1,0.2,0.6
-1.0,0.8,-0.6,-1.11022302463e-16,0.2,0.6
-1.0,0.8,-0.6,-1.11022302463e-16,0.2,0.6
-1.0,0.8,-0.6,-1.11022302463e-16,0.2,0.6
-0.9,0.7839,-0.7,0.273074527558,0.2,0.6
-0.9,0.7839,-0.7,0.273074527558,0.2,0.6
-0.8,0.7104,-0.6,0.747802734375,0.2,0.6
-0.8,0.7104,-0.6,0.747802734375,0.2,0.6
-0.7,0.5999,-0.5,2.10921469796,0.2,0.6
-0.7,0.5999,-0.5,2.10921469796,0.2,0.6
-0.7,0.5999,-0.4,1.25922872273,0.2,0.6
-0.7,0.5999,-0.4,1.25922872273,0.2,0.6
-0.7,0.5999,-0.4,1.25922872273,0.2,0.6
-0.6,0.4704,-0.4,5.40054869684,0.2,0.6
-0.6,0.4704,-0.3,3.25720164609,0.2,0.6
-0.6,0.4704,-0.3,3.25720164609,0.2,0.6
-0.6,0.4704,-0.3,3.25720164609,0.2,0.6
-0.5,0.3375,-0.2,6.2,0.2,0.6
-0.5,0.3375,-0.2,6.2,0.2,0.6
-1.0,0.8,-0.7,-1.11022302463e-16,0.2,0.7
-0.9,0.7839,-0.7,0.103723649474,0.2,0.7
-0.9,0.7839,-0.7,0.103723649474,0.2,0.7
-0.8,0.7104,-0.6,0.442626953125,0.2,0.7
-0.8,0.7104,-0.6,0.442626953125,0.2,0.7
-0.7,0.5999,-0.5,1.5142245153,0.2,0.7
-0.7,0.5999,-0.5,1.5142245153,0.2,0.7
-0.6,0.4704,-0.4,4.11454046639,0.2,0.7
-0.6,0.4704,-0.3,1.97119341564,0.2,0.7
-0.6,0.4704,-0.3,1.97119341564,0.2,0.7
-0.6,0.4704,-0.3,1.97119341564,0.2,0.7
-0.5,0.3375,-0.2,3.0,0.2,0.7
-0.5,0.3375,-0.2,3.0,0.2,0.7
-1.0,0.8,-0.7,-0.1,0.2,0.8
-1.0,0.8,-0.7,-0.1,0.2,0.8
-0.9,0.7839,-0.7,-0.0656272286105,0.2,0.8
-0.9,0.7839,-0.7,-0.0656272286105,0.2,0.8
-0.9,0.7839,-0.7,-0.0656272286105,0.2,0.8
-0.8,0.7104,-0.6,0.137451171875,0.2,0.8
-0.8,0.7104,-0.6,0.137451171875,0.2,0.8
-0.7,0.5999,-0.5,0.919234332634,0.2,0.8
-0.7,0.5999,-0.5,0.919234332634,0.2,0.8
-0.7,0.5999,-0.5,0.919234332634,0.2,0.8
-0.6,0.4704,-0.4,2.82853223594,0.2,0.8
-0.6,0.4704,-0.3,0.685185185185,0.2,0.8
-0.6,0.4704,-0.3,0.685185185185,0.2,0.8
-0.6,0.4704,-0.3,0.685185185185,0.2,0.8
-0.5,0.3375,-0.2,-0.2,0.2,0.8
-0.5,0.3375,-0.2,-0.2,0.2,0.8
-0.5,0.3375,-0.2,-0.2,0.2,0.8
-0.8,0.7104,-0.7,0.213745117187,0.2,0.9
-0.8,0.7104,-0.7,0.213745117187,0.2,0.9
-0.8,0.7104,-0.6,-0.167724609375,0.2,0.9
-0.8,0.7104,-0.6,-0.167724609375,0.2,0.9
-0.8,0.7104,-0.6,-0.167724609375,0.2,0.9
-0.7,0.5999,-0.5,0.324244149972,0.2,0.9
-0.7,0.5999,-0.5,0.324244149972,0.2,0.9
-0.7,0.5999,-0.5,0.324244149972,0.2,0.9
-0.6,0.4704,-0.4,1.54252400549,0.2,0.9
-0.6,0.4704,-0.4,1.54252400549,0.2,0.9
-0.8,0.7104,-0.7,-0.0914306640625,0.2,1.0
-0.8,0.7104,-0.7,-0.0914306640625,0.2,1.0
-0.7,0.5999,-0.6,0.579239942541,0.2,1.0
-0.6,0.4704,-0.4,0.256515775034,0.2,1.0
-0.6,0.4704,-0.4,0.256515775034,0.2,1.0
-0.5,0.3375,-0.3,-0.2,0.2,1.0
-0.7,0.5999,-0.6,-0.015750240121,0.2,1.1
-1.0,0.7,-0.5,0.4,0.3,0.1
-1.0,0.7,-0.5,0.4,0.3,0.1
-0.9,0.6939,-0.5,0.64696363284,0.3,0.1
-0.9,0.6939,-0.5,0.64696363284,0.3,0.1
-0.8,0.6304,-0.5,1.56262207031,0.3,0.1
-0.8,0.6304,-0.4,1.18115234375,0.3,0.1
-0.8,0.6304,-0.4,1.18115234375,0.3,0.1
-0.8,0.6304,-0.4,1.18115234375,0.3,0.1
-0.7,0.5299,-0.4,3.32384465656,0.3,0.1
-0.7,0.5299,-0.4,3.32384465656,0.3,0.1
-0.7,0.5299,-0.3,2.47385868133,0.3,0.1
-0.7,0.5299,-0.3,2.47385868133,0.3,0.1
-0.7,0.5299,-0.3,2.47385868133,0.3,0.1
-0.6,0.4104,-0.3,7.21810699588,0.3,0.1
-0.6,0.4104,-0.2,5.07475994513,0.3,0.1
-0.6,0.4104,-0.2,5.07475994513,0.3,0.1
-0.6,0.4104,-0.2,5.07475994513,0.3,0.1
-0.5,0.2875,-0.2,15.0,0.3,0.1
-0.4,0.1744,-0.1,23.5078125,0.3,0.1
-1.0,0.7,-0.5,0.3,0.3,0.2
-1.0,0.7,-0.5,0.3,0.3,0.2
-0.9,0.6939,-0.5,0.477612754755,0.3,0.2
-0.9,0.6939,-0.5,0.477612754755,0.3,0.2
-0.8,0.6304,-0.5,1.25744628906,0.3,0.2
-0.8,0.6304,-0.4,0.8759765625,0.3,0.2
-0.8,0.6304,-0.4,0.8759765625,0.3,0.2
-0.8,0.6304,-0.4,0.8759765625,0.3,0.2
-0.7,0.5299,-0.4,2.7288544739,0.3,0.2
-0.7,0.5299,-0.4,2.7288544739,0.3,0.2
-0.7,0.5299,-0.3,1.87886849867,0.3,0.2
-0.7,0.5299,-0.3,1.87886849867,0.3,0.2
-0.7,0.5299,-0.3,1.87886849867,0.3,0.2
-0.6,0.4104,-0.3,5.93209876543,0.3,0.2
-0.6,0.4104,-0.2,3.78875171468,0.3,0.2
-0.6,0.4104,-0.2,3.78875171468,0.3,0.2
-0.6,0.4104,-0.2,3.78875171468,0.3,0.2
-0.5,0.2875,-0.2,11.8,0.3,0.2
-0.4,0.1744,-0.1,13.7421875,0.3,0.2
-1.0,0.7,-0.5,0.2,0.3,0.3
-1.0,0.7,-0.5,0.2,0.3,0.3
-0.9,0.6939,-0.5,0.308261876671,0.3,0.3
-0.9,0.6939,-0.5,0.308261876671,0.3,0.3
-0.8,0.6304,-0.5,0.952270507812,0.3,0.3
-0.8,0.6304,-0.5,0.952270507812,0.3,0.3
-0.8,0.6304,-0.4,0.57080078125,0.3,0.3
-0.8,0.6304,-0.4,0.57080078125,0.3,0.3
-0.8,0.6304,-0.4,0.57080078125,0.3,0.3
-0.7,0.5299,-0.4,2.13386429124,0.3,0.3
-0.7,0.5299,-0.4,2.13386429124,0.3,0.3
-0.6,0.4104,-0.3,4.64609053498,0.3,0.3
-0.5,0.2875,-0.2,8.6,0.3,0.3
-0.4,0.1744,-0.1,3.9765625,0.3,0.3
-1.0,0.7,-0.5,0.1,0.3,0.4
-1.0,0.7,-0.5,0.1,0.3,0.4
-0.9,0.6939,-0.6,0.327078640903,0.3,0.4
-0.9,0.6939,-0.5,0.138910998587,0.3,0.4
-0.9,0.6939,-0.5,0.138910998587,0.3,0.4
-0.8,0.6304,-0.5,0.647094726562,0.3,0.4
-0.8,0.6304,-0.5,0.647094726562,0.3,0.4
-0.7,0.5299,-0.4,1.53887410858,0.3,0.4
-0.7,0.5299,-0.4,1.53887410858,0.3,0.4
-0.6,0.4104,-0.3,3.36008230453,0.3,0.4
-0.5,0.2875,-0.2,5.4,0.3,0.4
-1.0,0.7,-0.5,0.0,0.3,0.5
-1.0,0.7,-0.5,0.0,0.3,0.5
-0.9,0.6939,-0.6,0.157727762818,0.3,0.5
-0.9,0.6939,-0.5,-0.0304398794974,0.3,0.5
-0.9,0.6939,-0.5,-0.0304398794974,0.3,0.5
-0.9,0.6939,-0.5,-0.0304398794974,0.3,0.5
-0.8,0.6304,-0.5,0.341918945312,0.3,0.5
-0.8,0.6304,-0.5,0.341918945312,0.3,0.5
-0.7,0.5299,-0.4,0.943883925915,0.3,0.5
-0.7,0.5299,-0.4,0.943883925915,0.3,0.5
-0.6,0.4104,-0.3,2.07407407407,0.3,0.5
-0.5,0.2875,-0.2,2.2,0.3,0.5
-0.5,0.2875,-0.2,2.2,0.3,0.5
-1.0,0.7,-0.5,-0.1,0.3,0.6
-1.0,0.7,-0.5,-0.1,0.3,0.6
-0.9,0.6939,-0.6,-0.0116231152659,0.3,0.6
-0.9,0.6939,-0.6,-0.0116231152659,0.3,0.6
-0.8,0.6304,-0.5,0.0367431640625,0.3,0.6
-0.8,0.6304,-0.5,0.0367431640625,0.3,0.6
-0.7,0.5299,-0.4,0.348893743253,0.3,0.6
-0.7,0.5299,-0.4,0.348893743253,0.3,0.6
-0.6,0.4104,-0.3,0.788065843621,0.3,0.6
-0.6,0.4104,-0.3,0.788065843621,0.3,0.6
-1.0,0.6,-0.4,0.3,0.4,0.1
-1.0,0.6,-0.3,0.2,0.4,0.1
-1.0,0.6,-0.3,0.2,0.4,0.1
-1.0,0.6,-0.3,0.2,0.4,0.1
-0.9,0.6039,-0.4,0.362265990016,0.4,0.1
-0.9,0.6039,-0.4,0.362265990016,0.4,0.1
-0.8,0.5504,-0.4,0.8515625,0.4,0.1
-0.8,0.5504,-0.3,0.470092773437,0.4,0.1
-0.8,0.5504,-0.3,0.470092773437,0.4,0.1
-0.8,0.5504,-0.3,0.470092773437,0.4,0.1
-0.7,0.4599,-0.3,1.56352370186,0.4,0.1
-0.7,0.4599,-0.3,1.56352370186,0.4,0.1
-0.6,0.3504,-0.2,2.60562414266,0.4,0.1
-0.6,0.3504,-0.2,2.60562414266,0.4,0.1
-0.5,0.2375,-0.1,1.4,0.4,0.1
-0.5,0.2375,-0.1,1.4,0.4,0.1
-1.0,0.6,-0.4,0.2,0.4,0.2
-1.0,0.6,-0.4,0.2,0.4,0.2
-0.9,0.6039,-0.4,0.192915111932,0.4,0.2
-0.9,0.6039,-0.4,0.192915111932,0.4,0.2
-0.8,0.5504,-0.4,0.54638671875,0.4,0.2
-0.7,0.4599,-0.3,0.968533519197,0.4,0.2
-0.7,0.4599,-0.3,0.968533519197,0.4,0.2
-0.6,0.3504,-0.2,1.31961591221,0.4,0.2
-0.6,0.3504,-0.2,1.31961591221,0.4,0.2
-1.0,0.6,-0.4,0.1,0.4,0.3
-1.0,0.6,-0.4,0.1,0.4,0.3
-0.9,0.6039,-0.4,0.0235642338472,0.4,0.3
-0.9,0.6039,-0.4,0.0235642338472,0.4,0.3
-0.8,0.5504,-0.4,0.2412109375,0.4,0.3
-0.7,0.4599,-0.3,0.373543336535,0.4,0.3
-0.7,0.4599,-0.3,0.373543336535,0.4,0.3
-0.6,0.3504,-0.2,0.0336076817558,0.4,0.3
-0.6,0.3504,-0.2,0.0336076817558,0.4,0.3
-0.6,0.3504,-0.2,0.0336076817558,0.4,0.3
-1.0,0.6,-0.4,-1.11022302463e-16,0.4,0.4
-1.0,0.6,-0.4,-1.11022302463e-16,0.4,0.4
-0.9,0.6039,-0.4,-0.145786644237,0.4,0.4
-0.9,0.6039,-0.4,-0.145786644237,0.4,0.4
-0.8,0.5504,-0.4,-0.06396484375,0.4,0.4
-0.8,0.5504,-0.4,-0.06396484375,0.4,0.4
-0.7,0.4599,-0.3,-0.221446846127,0.4,0.4
-0.7,0.4599,-0.3,-0.221446846127,0.4,0.4
-1.0,0.6,-0.4,-0.1,0.4,0.5
-1.0,0.6,-0.4,-0.1,0.4,0.5
-1.0,0.5,-0.2,0.1,0.5,0.1
-1.0,0.5,-0.2,0.1,0.5,0.1
-1.0,0.5,-0.2,0.1,0.5,0.1
-0.9,0.5139,-0.3,0.0775683471919,0.5,0.1
-0.8,0.4704,-0.3,0.140502929687,0.5,0.1
-0.8,0.4704,-0.3,0.140502929687,0.5,0.1
-0.7,0.3899,-0.2,-0.196797252845,0.5,0.1
-0.7,0.3899,-0.2,-0.196797252845,0.5,0.1
-1.0,0.5,-0.3,0.1,0.5,0.2
-1.0,0.5,-0.2,-5.55111512313e-17,0.5,0.2
-1.0,0.5,-0.2,-5.55111512313e-17,0.5,0.2
-1.0,0.5,-0.2,-5.55111512313e-17,0.5,0.2
-0.9,0.5139,-0.3,-0.0917825308924,0.5,0.2
-0.9,0.5139,-0.3,-0.0917825308924,0.5,0.2
-0.8,0.4704,-0.3,-0.164672851563,0.5,0.2
-0.8,0.4704,-0.3,-0.164672851563,0.5,0.2
-1.0,0.5,-0.3,-1.11022302463e-16,0.5,0.3
-1.0,0.5,-0.3,-0.1,0.5,0.4
